"many_labs_version","rep_org","title","measure_name","variable_name","multi","appearance","N","N_items","hypothesis_support","reliability_type","reliability_type_text","reliability_coeff","def1","op_version","op_1","op_2","op_3","op_4","op_5","sel_existing","sel_existing_text","sel_1","sel_2","sel_3","sel_4","sel_psychometric_evidence","sel_psychometric_evidence_text","quant_1","quant_2","quant_3","quant_4","mod_check","mod_1","mod_2","mod_3","mod_4","mod_5","mod_6","mod_time","op_1_REV","op_2_REV","op_5_REV","sel_1_REV","sel_3_REV","sel_psychometric_evidence_REV","sel_psychometric_evidence_text_REV","quant_1_REV","quant_2_REV","quant_3_REV","mod_check_REV","mod_1_REV","mod_2_REV","mod_3_REV","mod_4_REV","mod_5_REV","mod_6_REV","inseperable_material","def_count","def_total","def_ratio","op_count","op_total","op_ratio","sel_count","sel_total","sel_ratio","quant_count","quant_total","quant_ratio","mod_count","mod_total","mod_ratio","MP_total","MP_count","QMP_ratio","op_REV_count","op_REV_total","op_REV_ratio","sel_REV_count","sel_REV_total","sel_REV_ratio","quant_REV_count","quant_REV_total","quant_REV_ratio","mod_REV_count","mod_REV_total","mod_REV_ratio","MP_REV_count","MP_REV_total","QMP_REV_ratio"
2,"Replication","1	Sunk costs (Oppenheimer et al., 2009)","likelihood of attending a game rating","likelihood of attending a game","False","1",69,"1 item measure","Yes","","",1,TRUE,"",TRUE,TRUE,FALSE,FALSE,TRUE,"True, namely:","Oppenheimer's adapted task",TRUE,TRUE,NA,NA,"Not Apllicable (only report this if psychometric evidence would not be possible for this measure, otherwise report as None)","",TRUE,TRUE,NA,NA,"True",TRUE,FALSE,FALSE,NA,NA,NA,"Before",TRUE,TRUE,TRUE,TRUE,NA,"Not Apllicable (only report this if psychometric evidence would not be possible for this measure, otherwise report as None)","",TRUE,TRUE,NA,"True",TRUE,NA,TRUE,NA,NA,NA,"True",1,1,0,3,5,0.4,2,2,0,2,2,0,1,3,0.6667,13,9,0.3077,3,5,0.4,2,2,0,2,2,0,2,2,0,10,12,0.1667
2,"Replication","Gain versus loss framing for combating disease (Tversky & Kahneman, 1981)","Asian disease problem","program adoption preference","True","1",63,"1 item measure","Yes","","",1,TRUE,"",TRUE,FALSE,TRUE,TRUE,TRUE,"True, namely:","Asian Disease Problem",TRUE,TRUE,NA,NA,"Not Apllicable (only report this if psychometric evidence would not be possible for this measure, otherwise report as None)","",TRUE,TRUE,NA,NA,"True",TRUE,FALSE,TRUE,FALSE,NA,NA,"Before",TRUE,TRUE,TRUE,TRUE,NA,"Not Apllicable (only report this if psychometric evidence would not be possible for this measure, otherwise report as None)","",TRUE,TRUE,NA,"True",TRUE,NA,TRUE,NA,NA,NA,"True",1,1,0,4,5,0.2,2,2,0,2,2,0,2,4,0.5,14,11,0.2143,5,5,0,2,2,0,2,2,0,2,2,0,12,12,0
2,"Replication","Anchoring (Jacowitz & Kahneman, 1995)","estimation in scenarios","quantitative judgement","False","1",NA,"multiple item measure","Yes","Not Reported","",1,TRUE,"",TRUE,FALSE,TRUE,TRUE,TRUE,"True, namely:","Anchoring scenarios developped in (Jacowitz & Kahneman, 1995)",TRUE,TRUE,FALSE,FALSE,"None","",TRUE,NA,NA,FALSE,"True",TRUE,FALSE,TRUE,FALSE,TRUE,FALSE,"Before",TRUE,TRUE,TRUE,TRUE,FALSE,"None","",TRUE,TRUE,NA,"True",TRUE,NA,TRUE,NA,TRUE,FALSE,"False",1,1,0,4,5,0.2,2,4,0.5,1,2,0.5,3,6,0.5,18,11,0.3889,5,5,0,2,4,0.5,2,3,0.3333,3,4,0.25,13,17,0.2353
2,"Replication","Retrospective gambler’s fallacy (Oppenheimer & Monin, 2009)","dice restrospect scenario","number of dice rolls by imagined man","False","1",61,"1 item measure","Yes","","",1,TRUE,"",FALSE,FALSE,TRUE,FALSE,TRUE,"True, namely:","the reptrospective dice scenario from (Oppenheimer & Monin, 2009)",TRUE,TRUE,NA,NA,"Not Apllicable (only report this if psychometric evidence would not be possible for this measure, otherwise report as None)","",TRUE,TRUE,NA,NA,"True",TRUE,FALSE,TRUE,FALSE,TRUE,FALSE,"Before",TRUE,TRUE,TRUE,TRUE,NA,"Not Apllicable (only report this if psychometric evidence would not be possible for this measure, otherwise report as None)","",TRUE,TRUE,NA,"True",TRUE,NA,TRUE,NA,TRUE,FALSE,"True",1,1,0,2,5,0.6,2,2,0,2,2,0,3,6,0.5,16,10,0.375,4,5,0.2,2,2,0,2,2,0,3,4,0.25,12,14,0.1429
2,"Replication","Low-vs.-high category scales (Schwarz et al., 1985)","TV watching daily on different scales","Tv watching time","False","1",60,"1 item measure","Yes","","",1,TRUE,"",TRUE,FALSE,TRUE,TRUE,TRUE,"True, namely:","Two TV daily watch time questions from (Schwarz et al., 1985)",TRUE,TRUE,NA,NA,"Not Apllicable (only report this if psychometric evidence would not be possible for this measure, otherwise report as None)","",TRUE,NA,NA,NA,"True",TRUE,FALSE,TRUE,FALSE,NA,NA,"Before",TRUE,TRUE,TRUE,TRUE,NA,"Not Apllicable (only report this if psychometric evidence would not be possible for this measure, otherwise report as None)","",TRUE,TRUE,NA,"True",TRUE,NA,TRUE,NA,NA,NA,"False",1,1,0,4,5,0.2,2,2,0,1,1,0,2,4,0.5,13,10,0.2308,5,5,0,2,2,0,2,2,0,2,2,0,12,12,0
2,"Replication","Norm of reciprocity (Hyman and Sheatsley, 1950). ","two questions about allowing news reporting with order effects","in or outgroup favoritism","False","1",64,"1 item measure","Yes","","",1,TRUE,"",TRUE,FALSE,TRUE,TRUE,TRUE,"True, namely:","two counterbalanced questions from (Hyman & Sheatsley, 1950)",TRUE,TRUE,NA,NA,"Not Apllicable (only report this if psychometric evidence would not be possible for this measure, otherwise report as None)","",TRUE,TRUE,NA,NA,"True",TRUE,FALSE,FALSE,FALSE,NA,NA,"Before",TRUE,TRUE,FALSE,TRUE,NA,"Not Apllicable (only report this if psychometric evidence would not be possible for this measure, otherwise report as None)","",TRUE,TRUE,NA,"True",TRUE,NA,TRUE,FALSE,NA,NA,"False",1,1,0,4,5,0.2,2,2,0,2,2,0,1,4,0.75,14,10,0.2857,4,5,0.2,2,2,0,2,2,0,2,3,0.3333,11,13,0.1538
2,"Replication","Allowed/Forbidden (Rugg, 1941)","two different frame forbidding speeches question","wording effect","False","1",67,"1 item measure","Yes","","",1,FALSE,"",TRUE,FALSE,TRUE,TRUE,TRUE,"True, namely:","two item question wording test from Allowed/Forbidden (Rugg, 1941)",TRUE,TRUE,NA,NA,"Not Apllicable (only report this if psychometric evidence would not be possible for this measure, otherwise report as None)","",TRUE,TRUE,NA,NA,"True",TRUE,FALSE,TRUE,FALSE,NA,NA,"Before",TRUE,TRUE,TRUE,TRUE,NA,"Not Apllicable (only report this if psychometric evidence would not be possible for this measure, otherwise report as None)","",TRUE,TRUE,NA,"True",TRUE,NA,TRUE,TRUE,NA,NA,"False",0,1,1,4,5,0.2,2,2,0,2,2,0,2,4,0.5,14,10,0.2857,5,5,0,2,2,0,2,2,0,3,3,0,12,13,0.0769
2,"Replication","Quote Attribution (Lorge & Curtis, 1936). ","attributed quote rating question","quote attribution effect","False","1",68,"1 item measure","Yes","","",1,FALSE,"",NA,FALSE,TRUE,TRUE,TRUE,"False, materials were newly developped for this study","",TRUE,TRUE,NA,NA,"Not Apllicable (only report this if psychometric evidence would not be possible for this measure, otherwise report as None)","",TRUE,TRUE,NA,NA,"True",TRUE,FALSE,FALSE,NA,TRUE,FALSE,"Before",TRUE,TRUE,TRUE,TRUE,NA,"Not Apllicable (only report this if psychometric evidence would not be possible for this measure, otherwise report as None)","",TRUE,TRUE,NA,"True",TRUE,NA,TRUE,NA,TRUE,FALSE,"True",0,1,1,3,4,0.25,2,2,0,2,2,0,2,5,0.6,14,9,0.3571,5,5,0,2,2,0,2,2,0,3,4,0.25,12,14,0.1429
2,"Replication","Flag Priming (Carter et al., 2011; Study 2)","flag priming voting intention question","priming","False","1",54,"1 item measure","No","","",1,FALSE,"",TRUE,FALSE,TRUE,TRUE,TRUE,"True, namely:","flag primed voting preference question from Flag Priming (Carter et al., 2011; Study 2)",TRUE,TRUE,NA,NA,"Not Apllicable (only report this if psychometric evidence would not be possible for this measure, otherwise report as None)","",TRUE,TRUE,NA,NA,"True",TRUE,FALSE,FALSE,FALSE,NA,NA,"Before",TRUE,TRUE,FALSE,TRUE,NA,"Not Apllicable (only report this if psychometric evidence would not be possible for this measure, otherwise report as None)","",TRUE,TRUE,NA,"True",NA,NA,TRUE,NA,NA,NA,"True",0,1,1,4,5,0.2,2,2,0,2,2,0,1,4,0.75,14,9,0.3571,4,5,0.2,2,2,0,2,2,0,1,1,0,9,11,0.1818
2,"Replication","Currency priming and system justification (Caruso et al., 2012)","system justification scale","system justification","False","1",70,"multiple item measure","No","Not Reported","",1,FALSE,"system justification scale from (Kay & Jost, 2003)",TRUE,FALSE,TRUE,TRUE,TRUE,"True, namely:","system justification scale (Kay & Jost, 2003)",TRUE,TRUE,FALSE,FALSE,"None","",TRUE,TRUE,TRUE,FALSE,"True",TRUE,FALSE,TRUE,FALSE,NA,NA,"Before",TRUE,TRUE,TRUE,TRUE,FALSE,"None","",TRUE,TRUE,TRUE,"True",NA,NA,TRUE,TRUE,NA,NA,"True",0,1,1,4,5,0.2,2,4,0.5,3,4,0.25,2,4,0.5,18,11,0.3889,5,5,0,2,4,0.5,3,4,0.25,2,2,0,12,16,0.25
2,"Replication","Imagined contact (Husnu & Crisp, 2010, Study 1). ","composite index of intentions to engage in contact with muslims","intentions to engage in contact with muslims","True","1",71,"multiple item measure","Yes","alpha","",14,TRUE,"composite index of intentions from (Husnu & Crisp, 2010, Study 1)",TRUE,FALSE,TRUE,TRUE,TRUE,"True, namely:","composite index of intentions from (Husnu & Crisp, 2010, Study 1)",TRUE,TRUE,FALSE,FALSE,"None","",TRUE,TRUE,TRUE,FALSE,"True",TRUE,FALSE,TRUE,FALSE,NA,NA,"Before",TRUE,TRUE,TRUE,TRUE,FALSE,"None","",TRUE,TRUE,TRUE,"True",TRUE,NA,TRUE,TRUE,NA,NA,"True",1,1,0,4,5,0.2,2,4,0.5,3,4,0.25,2,4,0.5,18,12,0.3333,5,5,0,2,4,0.5,3,4,0.25,3,3,0,14,17,0.1765
2,"Replication","Sex differences in implicit math attitudes and relations with self-reported attitudes (Nosek, Banaji, & Greenwald, 2002).","implicit math atittudes association test","implicit math attitudes","False","1",58,"multiple item measure","Yes","Not Reported","",1,TRUE,"",FALSE,FALSE,TRUE,TRUE,FALSE,"True, namely:","math attitudes IAT ",FALSE,TRUE,FALSE,FALSE,"None","",FALSE,FALSE,FALSE,TRUE,"True",NA,NA,FALSE,FALSE,TRUE,FALSE,"Before",TRUE,TRUE,FALSE,TRUE,FALSE,"None","",FALSE,NA,NA,"True",NA,NA,NA,NA,TRUE,TRUE,"True",1,1,0,2,5,0.6,1,4,0.75,1,4,0.75,1,4,0.75,18,6,0.6667,4,5,0.2,2,4,0.5,1,2,0.5,2,2,0,10,14,0.2857
2,"Replication","Sex differences in implicit math attitudes and relations with self-reported attitudes (Nosek, Banaji, & Greenwald, 2002)","feeling thermometers ","feelings of warmth toward math and arts","False","2",57,"1 item measure","Yes","","",1,FALSE,"",FALSE,FALSE,TRUE,TRUE,TRUE,"True, namely:","feeling thermometers ",FALSE,TRUE,NA,NA,"None","",FALSE,TRUE,NA,NA,"None Reported",NA,NA,NA,NA,NA,NA,"",TRUE,TRUE,TRUE,TRUE,TRUE,"Other, namely:","convergent validity",TRUE,TRUE,NA,"False",NA,NA,NA,NA,NA,NA,"False",0,1,1,3,5,0.4,1,2,0.5,1,2,0.5,0,0,NA,10,5,0.5,5,5,0,3,3,0,2,2,0,0,0,NA,10,11,0.0909
2,"Replication","Sex differences in implicit math attitudes and relations with self-reported attitudes (Nosek, Banaji, & Greenwald, 2002)","semantic differential scales measuring attitudes toward math and arts","attitudes toward math and arts","False","3",57,"multiple item measure","Yes","Not Reported","",1,TRUE,"",TRUE,FALSE,TRUE,TRUE,FALSE,"True, namely:","semantic differential scales measuring attitudes toward math and arts",FALSE,TRUE,FALSE,FALSE,"None","",TRUE,TRUE,NA,FALSE,"True",NA,NA,FALSE,FALSE,TRUE,FALSE,"Before",TRUE,TRUE,TRUE,TRUE,TRUE,"Other, namely:","convergent validitiy",TRUE,TRUE,TRUE,"False",NA,NA,NA,NA,NA,NA,"False",1,1,0,3,5,0.4,1,4,0.75,2,3,0.3333,1,4,0.75,17,8,0.5294,5,5,0,3,4,0.25,3,4,0.25,0,0,NA,12,14,0.1429
3,"Replication","LIVING IN THE NORTH IS NOT NECESSARILY FAVORABLE: DIFFERENT METAPHORIC ASSOCIATIONS BETWEEN CARDINAL DIRECTION AND VALENCE IN HONG KONG AND IN THE UNITED STATES (Huang, Tse & Cho, 2014, Study 1a)","fictional city house placement two hypothetical descriptions","cardinal location","False","1",74,"1 item measure","Yes","","",1,NA,"map (originally from Meier et al., 2011",TRUE,TRUE,TRUE,TRUE,FALSE,"True, namely:","fictional city map (originally from Meier et al., 2011",TRUE,TRUE,NA,NA,"Not Apllicable (only report this if psychometric evidence would not be possible for this measure, otherwise report as None)","",TRUE,NA,NA,TRUE,"True",TRUE,TRUE,FALSE,FALSE,NA,NA,"Before",TRUE,TRUE,TRUE,TRUE,NA,"Not Apllicable (only report this if psychometric evidence would not be possible for this measure, otherwise report as None)","",TRUE,TRUE,NA,"True",TRUE,TRUE,TRUE,TRUE,NA,NA,"True",0,0,0,4,5,0.2,2,2,0,2,2,0,2,4,0.5,13,10,0.2308,5,5,0,2,2,0,3,3,0,4,4,0,14,14,0
3,"Replication","A FUNCTIONAL BASIS FOR STRUCTURE-SEEKING: EXPOSURE TO STRUCTURE PROMOTES WILLINGNESS TO ENGAGE IN MOTIVATED ACTION (Kay, Laurin, Fitzsimons & Landau, 2014, Study 2)","three questions about their most important goal on a scale ","goal pursuit willingness","False","1",73,"multiple item measure","No","Not Reported","",1,FALSE,"",TRUE,TRUE,TRUE,TRUE,TRUE,"True, namely:","three questions about their most important goal on a scale from Kay, Laurin, Fitzsimons, and Landau (2014)",FALSE,TRUE,FALSE,FALSE,"None","",TRUE,TRUE,TRUE,TRUE,"False",NA,NA,NA,NA,NA,NA,"",TRUE,TRUE,TRUE,TRUE,FALSE,"None","",TRUE,TRUE,TRUE,"False",NA,NA,NA,NA,NA,NA,"False",0,1,1,5,5,0,1,4,0.75,4,4,0,0,0,NA,14,10,0.2857,5,5,0,2,4,0.5,4,4,0,0,0,NA,11,14,0.2143
3,"Replication","OVERCOMING INTUITION: METACOGNITIVE DIFFICULTY ACTIVATES ANALYTIC REASONING (Alter, Oppenheimer, Epley & Eyre, 2007, Study 4)","syllogisms presented in easy- or hard-to-read font from Alter et al. (2007)","abbility to answer syllogisms","False","1",80,"multiple item measure","No","Not Reported","",1,TRUE,"",TRUE,TRUE,TRUE,TRUE,FALSE,"True, namely:","solving task of syllogisms presented in easy- or hard-to-read font fromAlter et al. (2007)",TRUE,TRUE,FALSE,FALSE,"None","",TRUE,NA,NA,FALSE,"True",TRUE,TRUE,NA,NA,FALSE,NA,"Before",TRUE,TRUE,TRUE,TRUE,FALSE,"None","",TRUE,TRUE,NA,"True",TRUE,TRUE,NA,NA,NA,NA,"True",1,1,0,4,5,0.2,2,4,0.5,1,2,0.5,2,3,0.3333,15,10,0.3333,5,5,0,2,4,0.5,2,3,0.3333,2,2,0,12,15,0.2
3,"Replication","LIBERALS AND CONSERVATIVES RELY ON DIFFERENT SETS OF MORAL FOUNDATIONS (Graham, Haidt, & Nosek, 2009, Study 1)","moral foundation questionnaire","individualizing moral foundations","True","1",81,"multiple item measure","Yes","Not Reported","",1,FALSE,"",FALSE,TRUE,TRUE,TRUE,FALSE,"True, namely:","moral foundations questionnaire used in Graham, Haidt, & Nosek, 2009, Study 1",FALSE,TRUE,FALSE,FALSE,"None","",TRUE,TRUE,FALSE,FALSE,"True",FALSE,NA,FALSE,FALSE,TRUE,TRUE,"Before",TRUE,TRUE,TRUE,TRUE,FALSE,"None","",TRUE,TRUE,FALSE,"True",NA,NA,TRUE,TRUE,NA,NA,"False",0,1,1,3,5,0.4,1,4,0.75,2,4,0.5,2,5,0.6,19,8,0.5789,5,5,0,2,4,0.5,2,4,0.5,2,2,0,11,16,0.3125
3,"Replication","LIBERALS AND CONSERVATIVES RELY ON DIFFERENT SETS OF MORAL FOUNDATIONS (Graham, Haidt, & Nosek, 2009, Study 1)","moral foundation questionnaire","binding moral foundations","True","2",81,"multiple item measure","Yes","Not Reported","",1,FALSE,"",FALSE,TRUE,TRUE,TRUE,FALSE,"True, namely:","moral foundations questionnaire used in Graham, Haidt, & Nosek, 2009, Study 1",FALSE,TRUE,FALSE,FALSE,"None","",TRUE,TRUE,FALSE,FALSE,"True",FALSE,NA,FALSE,FALSE,TRUE,TRUE,"Before",TRUE,TRUE,TRUE,TRUE,FALSE,"None","",TRUE,TRUE,FALSE,"True",NA,NA,TRUE,TRUE,NA,NA,"False",0,1,1,3,5,0.4,1,4,0.75,2,4,0.5,2,5,0.6,19,8,0.5789,5,5,0,2,4,0.5,2,4,0.5,2,2,0,11,16,0.3125
3,"Replication","MONEY, KISSES, AND ELECTRIC SHOCKS: ON THE AFFECTIVE PSYCHOLOGY OF RISK (Rottenstreich & Hsee, 2001, Study 1)","kiss or cash choice with or without uncertainty","positive affect's effect on judgement","False","1",89,"1 item measure","No","","",1,FALSE,"",TRUE,TRUE,TRUE,TRUE,TRUE,"True, namely:","affective vs. economic choice with or without uncertainty set of questions from Rottenstreich & Hsee, 2001, Study 1",TRUE,TRUE,NA,NA,"Not Apllicable (only report this if psychometric evidence would not be possible for this measure, otherwise report as None)","",TRUE,TRUE,NA,NA,"False",NA,NA,NA,NA,NA,NA,"",TRUE,TRUE,TRUE,TRUE,NA,"Not Apllicable (only report this if psychometric evidence would not be possible for this measure, otherwise report as None)","",TRUE,TRUE,NA,"False",NA,NA,NA,NA,NA,NA,"False",0,1,1,5,5,0,2,2,0,2,2,0,0,0,NA,10,9,0.1,5,5,0,2,2,0,2,2,0,0,0,NA,9,10,0.1
3,"Replication","PERSONAL AND SOCIAL WELL-BEING (Bauer, Wilkie, Kim & Bodenhausen, 2012, Study 4)","drought water consumption problem with trust questionnaire from Bauer and colleagues (2012)  ","social trust","False","1",75,"1 item measure","Yes","","",1,FALSE,"",TRUE,TRUE,TRUE,TRUE,TRUE,"True, namely:","drought water reduction trust scenario from Bauer and colleagues (2012) ",TRUE,TRUE,NA,NA,"Not Apllicable (only report this if psychometric evidence would not be possible for this measure, otherwise report as None)","",TRUE,TRUE,NA,NA,"False",NA,NA,NA,NA,NA,NA,"",TRUE,TRUE,TRUE,TRUE,NA,"Not Apllicable (only report this if psychometric evidence would not be possible for this measure, otherwise report as None)","",TRUE,TRUE,NA,"False",NA,NA,NA,NA,NA,NA,"True",0,1,1,5,5,0,2,2,0,2,2,0,0,0,NA,10,9,0.1,5,5,0,2,2,0,2,2,0,0,0,NA,9,10,0.1
3,"Replication","CULTURAL VARIATION IN CORRESPONDENCE BIAS: THE CRITICAL ROLE OF ATTITUDE DIAGNOSTICITY OF SOCIALLY CONSTRAINED BEHAVIOR (Miyamoto & Kitayama, 2002, Study 1)","question of an essay's writer's true attitude towards capital punishment from Miyamoto and Kitayama (2002)","attributed true attitude","True","1",86,"1 item measure","Yes","","",1,TRUE,"",FALSE,TRUE,TRUE,TRUE,TRUE,"True, namely:","question of an essay's writer's true attitude towards capital punishment from Miyamoto and Kitayama (2002)",TRUE,TRUE,NA,NA,"Not Apllicable (only report this if psychometric evidence would not be possible for this measure, otherwise report as None)","",TRUE,TRUE,NA,NA,"True",TRUE,FALSE,TRUE,FALSE,TRUE,TRUE,"Before",TRUE,TRUE,TRUE,TRUE,NA,"Not Apllicable (only report this if psychometric evidence would not be possible for this measure, otherwise report as None)","",TRUE,TRUE,NA,"True",NA,NA,TRUE,TRUE,NA,NA,"True",1,1,0,4,5,0.2,2,2,0,2,2,0,4,6,0.3333,16,13,0.1875,5,5,0,2,2,0,2,2,0,2,2,0,12,12,0
3,"Replication","DISGUST SENSITIVITY PREDICTS INTUITIVE DISAPPROVAL OF GAYS (Inbar, Pizarro, Knobe & Bloom, 2009, Study 1) ","assessments of the director’s intentionality in both the gay kissing and kissing conditions from Inbar, Pizarro, Knobe & Bloom, 2009, Study 1","director’s intentionality","False","1",85,"1 item measure","Yes","","",1,FALSE,"",TRUE,TRUE,TRUE,TRUE,TRUE,"True, namely:","assessments of the director’s intentionality in both the gay kissing and kissing conditions from Inbar, Pizarro, Knobe & Bloom, 2009, Study 1",TRUE,TRUE,NA,NA,"Not Apllicable (only report this if psychometric evidence would not be possible for this measure, otherwise report as None)","",TRUE,TRUE,NA,NA,"False",NA,NA,NA,NA,NA,NA,"",TRUE,TRUE,TRUE,TRUE,NA,"Not Apllicable (only report this if psychometric evidence would not be possible for this measure, otherwise report as None)","",TRUE,TRUE,NA,"False",NA,NA,NA,NA,NA,NA,"True",0,1,1,5,5,0,2,2,0,2,2,0,0,0,NA,10,9,0.1,5,5,0,2,2,0,2,2,0,0,0,NA,9,10,0.1
3,"Replication","DISGUST SENSITIVITY PREDICTS INTUITIVE DISAPPROVAL OF GAYS (Inbar, Pizarro, Knobe & Bloom, 2009, Study 1) ","5-item contamination subscale","disgust sensitivity","False","2",85,"multiple item measure","Yes","Not Reported","",1,FALSE,"",TRUE,TRUE,TRUE,TRUE,FALSE,"True, namely:","5-item contamination subscale",FALSE,TRUE,FALSE,FALSE,"None","",TRUE,FALSE,FALSE,FALSE,"True",NA,NA,FALSE,NA,TRUE,FALSE,"Before",TRUE,TRUE,TRUE,TRUE,FALSE,"None","",TRUE,FALSE,FALSE,"True",NA,NA,NA,NA,TRUE,FALSE,"False",0,1,1,4,5,0.2,1,4,0.75,1,4,0.75,1,3,0.6667,17,7,0.5882,5,5,0,2,4,0.5,1,4,0.75,1,2,0.5,9,16,0.4375
3,"Replication"," INCIDENTAL ENVIRONMENTAL ANCHORS (Critcher & Gilovich, 2008, Study 2)","estimated percentage of phone sales from foreign market to new question from n Critcher and Gilovich (2008)","effect of incidental anchors on rating","False","1",66,"1 item measure","No","","",1,TRUE,"",FALSE,TRUE,TRUE,TRUE,FALSE,"True, namely:","estimated percentage of phone sales from foreign market to new question from n Critcher and Gilovich (2008)",TRUE,TRUE,NA,NA,"Not Apllicable (only report this if psychometric evidence would not be possible for this measure, otherwise report as None)","",TRUE,TRUE,NA,NA,"True",TRUE,FALSE,FALSE,NA,NA,NA,"Before",TRUE,TRUE,TRUE,TRUE,NA,"Not Apllicable (only report this if psychometric evidence would not be possible for this measure, otherwise report as None)","",TRUE,TRUE,NA,"True",TRUE,TRUE,TRUE,TRUE,NA,NA,"True",1,1,0,3,5,0.4,2,2,0,2,2,0,1,3,0.6667,13,9,0.3077,5,5,0,2,2,0,2,2,0,4,4,0,14,14,0
3,"Replication","DEVELOPMENT OF PROSOCIAL, INDIVIDUALISTIC, AND COMPETITIVE ORIENTATIONS: THEORY AND PRELIMINARY EVIDENCE (Van Lange, Otten, De Bruin & Joireman, 1997, Study 3)","SVO slider measure","Social Value Orientation","False","1",62,"multiple item measure","No","Not Reported","",1,FALSE,"SVO slider measure from Murphy, Ackermann, & Handgraaf, 2011",TRUE,TRUE,TRUE,TRUE,FALSE,"True, namely:","SVO Slider measure from Murphy, Ackermann, & Handgraaf, 2011",TRUE,TRUE,FALSE,TRUE,"None","",TRUE,NA,FALSE,TRUE,"True",TRUE,FALSE,FALSE,NA,TRUE,TRUE,"Before",TRUE,TRUE,TRUE,TRUE,FALSE,"None","",TRUE,FALSE,NA,"True",NA,NA,NA,NA,TRUE,TRUE,"True",0,1,1,4,5,0.2,3,4,0.25,2,3,0.3333,3,5,0.4,18,12,0.3333,5,5,0,3,4,0.25,2,3,0.3333,2,2,0,12,15,0.2
3,"Replication","DEVELOPMENT OF PROSOCIAL, INDIVIDUALISTIC, AND COMPETITIVE ORIENTATIONS: THEORY AND PRELIMINARY EVIDENCE (Van Lange, Otten, De Bruin & Joireman, 1997, Study 3)","number of siblings question","number of siblings","False","2",62,"1 item measure","No","","",1,NA,"",FALSE,TRUE,TRUE,TRUE,NA,"Not Clearly Stated","",FALSE,TRUE,NA,NA,"Not Apllicable (only report this if psychometric evidence would not be possible for this measure, otherwise report as None)","",TRUE,NA,NA,TRUE,"True",NA,NA,FALSE,NA,FALSE,NA,"Before",TRUE,TRUE,TRUE,TRUE,NA,"Not Apllicable (only report this if psychometric evidence would not be possible for this measure, otherwise report as None)","",TRUE,TRUE,NA,"False",NA,NA,NA,NA,NA,NA,"False",0,0,0,3,4,0.25,1,2,0.5,2,2,0,0,2,1,10,6,0.4,5,5,0,2,2,0,3,3,0,0,0,NA,10,10,0
3,"Replication","A DISSOCIATION BETWEEN MORAL JUDGMENTS AND JUSTIFICATIONS (Hauser, Cushman, Young, Kang-Xing & Mikhail, et al., 2007, Scenarios 1+2)","two train moral dillemas from Hauser, Cushman, Young, Kang-Xing & Mikhail, et al., 2007, Scenarios 1+2","double effect","False","1",77,"1 item measure","Yes","","",1,TRUE,"",TRUE,TRUE,TRUE,TRUE,TRUE,"True, namely:","two train moral dillemas from Hauser, Cushman, Young, Kang-Xing & Mikhail, et al., 2007, Scenarios 1+2",TRUE,TRUE,NA,NA,"Not Apllicable (only report this if psychometric evidence would not be possible for this measure, otherwise report as None)","",TRUE,NA,NA,FALSE,"True",TRUE,FALSE,FALSE,NA,TRUE,FALSE,"Before",TRUE,TRUE,TRUE,TRUE,NA,"Not Apllicable (only report this if psychometric evidence would not be possible for this measure, otherwise report as None)","",TRUE,TRUE,NA,"True",NA,NA,NA,NA,TRUE,TRUE,"True",1,1,0,5,5,0,2,2,0,1,2,0.5,2,5,0.6,15,11,0.2667,5,5,0,2,2,0,2,3,0.3333,2,2,0,12,13,0.0769
3,"Replication","THE LOCAL-LADDER EFFECT AND SUBJECTIVE WELL-BEING (Anderson, Kraus, Galinsky & Keltner, 2012, Study 3)."," Satisfaction With Life Scale (SWLS; Diener, Emmons, Larsen, & Griffin, 1985)","Life satisfaction","False","1",79,"multiple item measure","No","Not Reported","",1,TRUE,"Satisfaction With Life Scale (SWLS; Diener, Emmons, Larsen, & Griffin, 1985)",TRUE,TRUE,TRUE,TRUE,FALSE,"True, namely:"," Satisfaction With Life Scale (SWLS; Diener, Emmons, Larsen, & Griffin, 1985)",TRUE,FALSE,FALSE,FALSE,"None","",FALSE,FALSE,FALSE,TRUE,"None Reported",NA,NA,NA,NA,NA,NA,"",TRUE,TRUE,TRUE,TRUE,FALSE,"None","",TRUE,FALSE,FALSE,"False",NA,NA,NA,NA,NA,NA,"False",1,1,0,4,5,0.2,1,4,0.75,1,4,0.75,0,0,NA,14,7,0.5,5,5,0,1,4,0.75,2,4,0.5,0,0,NA,9,14,0.3571
3,"Replication","THE LOCAL-LADDER EFFECT AND SUBJECTIVE WELL-BEING (Anderson, Kraus, Galinsky & Keltner, 2012, Study 3).","Positive and Negative Affect Schedule (Watson, Clark, & Tellegen, 1988)","positive affect","True","2",79,"multiple item measure","No","Not Reported","",1,FALSE,"Positive and Negative Affect Schedule (Watson, Clark, & Tellegen, 1988)",TRUE,TRUE,TRUE,TRUE,FALSE,"True, namely:","Positive and Negative Affect Schedule (Watson, Clark, & Tellegen, 1988)",TRUE,FALSE,FALSE,FALSE,"None","",FALSE,FALSE,FALSE,TRUE,"None Reported",NA,NA,NA,NA,NA,NA,"",TRUE,TRUE,TRUE,TRUE,FALSE,"None","",FALSE,FALSE,FALSE,"False",NA,NA,NA,NA,NA,NA,"False",0,1,1,4,5,0.2,1,4,0.75,1,4,0.75,0,0,NA,14,6,0.5714,5,5,0,1,4,0.75,1,4,0.75,0,0,NA,7,14,0.5
3,"Replication","THE LOCAL-LADDER EFFECT AND SUBJECTIVE WELL-BEING (Anderson, Kraus, Galinsky & Keltner, 2012, Study 3).","e (Watson, Clark, & Tellegen, 1988).","negative affect","True","3",79,"multiple item measure","No","Not Reported","",1,FALSE,"e (Watson, Clark, & Tellegen, 1988).",TRUE,TRUE,TRUE,TRUE,FALSE,"True, namely:","e (Watson, Clark, & Tellegen, 1988).",TRUE,FALSE,FALSE,FALSE,"None","",FALSE,FALSE,FALSE,TRUE,"None Reported",NA,NA,NA,NA,NA,NA,"",TRUE,TRUE,TRUE,TRUE,FALSE,"None","",FALSE,FALSE,NA,"False",NA,NA,NA,NA,NA,NA,"False",0,1,1,4,5,0.2,1,4,0.75,1,4,0.75,0,0,NA,14,6,0.5714,5,5,0,1,4,0.75,1,3,0.6667,0,0,NA,7,13,0.4615
3,"Replication","THE “FALSE CONSENSUS EFFECT”: AN EGOCENTRIC BIAS IN SOCIAL PERCEPTION AND ATTRIBUTION PROCESSES (Ross, Greene & House, 1977, Study 1)","approval of signing imagined scenario question from  THE “FALSE CONSENSUS EFFECT”: AN EGOCENTRIC BIAS IN SOCIAL PERCEPTION AND ATTRIBUTION PROCESSES (Ross, Greene & House, 1977, Study 1, Supermarket Scenario)","consensus","False","1",88,"1 item measure","Yes","","",1,NA,"supermarket and traffic ticket story",FALSE,TRUE,TRUE,TRUE,TRUE,"True, namely:","supermarket and traffic ticket scenarios from Ross, Greene & House, 1977",TRUE,TRUE,NA,NA,"Not Apllicable (only report this if psychometric evidence would not be possible for this measure, otherwise report as None)","",TRUE,NA,NA,TRUE,"None Reported",NA,NA,NA,NA,NA,NA,"",TRUE,TRUE,TRUE,TRUE,NA,"Not Apllicable (only report this if psychometric evidence would not be possible for this measure, otherwise report as None)","",TRUE,TRUE,NA,"False",NA,NA,NA,NA,NA,NA,"True",0,0,0,4,5,0.2,2,2,0,2,2,0,0,0,NA,9,8,0.1111,5,5,0,2,2,0,3,3,0,0,0,NA,10,10,0
3,"Replication","THE “FALSE CONSENSUS EFFECT”: AN EGOCENTRIC BIAS IN SOCIAL PERCEPTION AND ATTRIBUTION PROCESSES (Ross, Greene & House, 1977, Study 1)","choice after hypothethical story about either supermarket add or traffic ticket","participant's choice ","False","2",88,"1 item measure","Yes","","",1,NA,"",TRUE,TRUE,TRUE,TRUE,TRUE,"True, namely:","choice after hypothethical story about either supermarket add or traffic ticket from Ross, Greene & House, 1977",TRUE,TRUE,NA,NA,"Not Apllicable (only report this if psychometric evidence would not be possible for this measure, otherwise report as None)","",TRUE,TRUE,NA,NA,"None Reported",NA,NA,NA,NA,NA,NA,"",TRUE,TRUE,TRUE,TRUE,NA,"Not Apllicable (only report this if psychometric evidence would not be possible for this measure, otherwise report as None)","",TRUE,TRUE,NA,"False",NA,NA,NA,NA,NA,NA,"True",0,0,0,5,5,0,2,2,0,2,2,0,0,0,NA,9,9,0,5,5,0,2,2,0,2,2,0,0,0,NA,9,9,0
3,"Replication","HIGH IN THE HIERARCHY: HOW VERTICAL LOCATION AND JUDGMENTS OF LEADERS’ POWER ARE INTERRELATED (Giessner & Schubert, 2007, Study 1a)","set of power items from Giessner & Schubert, 2007, Study 1a","power rating","False","1",96,"multiple item measure","No","Not Reported","",1,FALSE,"",TRUE,TRUE,TRUE,TRUE,TRUE,"True, namely:","set of power items from Giessner & Schubert, 2007, Study 1a",TRUE,TRUE,FALSE,FALSE,"None","",TRUE,TRUE,NA,TRUE,"True",NA,NA,TRUE,FALSE,NA,NA,"Before",TRUE,TRUE,TRUE,TRUE,FALSE,"None","",TRUE,TRUE,TRUE,"True",NA,NA,TRUE,TRUE,NA,NA,"True",0,1,1,5,5,0,2,4,0.5,3,3,0,1,2,0.5,15,11,0.2667,5,5,0,2,4,0.5,4,4,0,2,2,0,13,16,0.1875
3,"Replication","THE FRAMING OF DECISIONS AND THE PSYCHOLOGY OF CHOICE (Tversky & Kahneman, 1981, Study 10)","two travel for discount question fromn Tversky and Kahneman (1981) ","framing effect","False","1",90,"1 item measure","Yes","","",1,FALSE,"",TRUE,TRUE,TRUE,FALSE,TRUE,"True, namely:","two travel for discount question fromn Tversky and Kahneman (1981) ",TRUE,TRUE,NA,NA,"Not Apllicable (only report this if psychometric evidence would not be possible for this measure, otherwise report as None)","",TRUE,TRUE,NA,NA,"True",FALSE,NA,TRUE,FALSE,NA,NA,"Before",TRUE,TRUE,TRUE,TRUE,NA,"Not Apllicable (only report this if psychometric evidence would not be possible for this measure, otherwise report as None)","",TRUE,TRUE,NA,"True",NA,NA,TRUE,TRUE,NA,NA,"True",0,1,1,4,5,0.2,2,2,0,2,2,0,1,3,0.6667,13,9,0.3077,4,5,0.2,2,2,0,2,2,0,2,2,0,10,12,0.1667
3,"Replication","WHY PEOPLE ARE RELUCTANT TO TEMPT FATE (Risen & Gilovich, 2008, Study 2)","classroom question scenarios either tempted or di not tempt fate from Risen and Gilovich (2008)","likelihood of negative outcomes after tempting fate","False","1",101,"1 item measure","Yes","","",1,FALSE,"",TRUE,TRUE,TRUE,TRUE,TRUE,"True, namely:","classroom question scenarios either tempted or di not tempt fate from Risen and Gilovich (2008)",TRUE,TRUE,NA,NA,"Not Apllicable (only report this if psychometric evidence would not be possible for this measure, otherwise report as None)","",TRUE,TRUE,NA,NA,"None Reported",NA,NA,NA,NA,NA,NA,"",TRUE,TRUE,TRUE,TRUE,NA,"Not Apllicable (only report this if psychometric evidence would not be possible for this measure, otherwise report as None)","",TRUE,TRUE,NA,"False",NA,NA,NA,NA,NA,NA,"True",0,1,1,5,5,0,2,2,0,2,2,0,0,0,NA,10,9,0.1,5,5,0,2,2,0,2,2,0,0,0,NA,9,10,0.1
3,"Replication","WHAT COUNTS AS A CHOICE? U.S. AMERICANS ARE MORE LIKELY THAN INDIANS TO CONSTRUE ACTIONS AS CHOICES (Savani, Markus, Naidu, Kumar, & Berlia, 2010, Study 5)","degree of choice in personal and interpersonal actions from Savani and colleagues (2010) ","choice attribution","False","1",59,"multiple item measure","No","Not Reported","",1,TRUE,"",FALSE,TRUE,TRUE,TRUE,FALSE,"True, namely:","Savani and colleagues (2010)",TRUE,TRUE,FALSE,FALSE,"None","",FALSE,TRUE,NA,FALSE,"None Reported",NA,NA,NA,NA,NA,NA,"",TRUE,TRUE,TRUE,TRUE,NA,"Not Apllicable (only report this if psychometric evidence would not be possible for this measure, otherwise report as None)","",TRUE,FALSE,NA,"False",NA,NA,NA,NA,NA,NA,"False",1,1,0,3,5,0.4,2,4,0.5,1,3,0.6667,0,0,NA,13,7,0.4615,5,5,0,2,3,0.3333,1,3,0.6667,0,0,NA,9,12,0.25
3,"Replication","WHAT COUNTS AS A CHOICE? U.S. AMERICANS ARE MORE LIKELY THAN INDIANS TO CONSTRUE ACTIONS AS CHOICES (Savani, Markus, Naidu, Kumar, & Berlia, 2010, Study 5)","importance of action scale from Savani and colleagues (2010)","importance of actionr ating","False","2",59,"multiple item measure","No","Not Reported","",1,TRUE,"",TRUE,TRUE,TRUE,TRUE,TRUE,"True, namely:","importance of action scale from Savani and colleagues (2010)",TRUE,TRUE,FALSE,FALSE,"None","",TRUE,TRUE,NA,FALSE,"None Reported",NA,NA,NA,NA,NA,NA,"",TRUE,TRUE,TRUE,TRUE,FALSE,"None","",TRUE,TRUE,TRUE,"False",NA,NA,NA,NA,NA,NA,"False",1,1,0,5,5,0,2,4,0.5,2,3,0.3333,0,0,NA,13,10,0.2308,5,5,0,2,4,0.5,3,4,0.25,0,0,NA,11,14,0.2143
3,"Replication","CULTURAL PREFERENCES FOR FORMAL VERSUS INTUITIVE REASONING (Norenzayan, Smith, Kim, & Nisbett, 2002, Study 2) ","use of rule or similarity based judegement trials from Norenzayan, Smith, Kim, & Nisbett, 2002, Study 2","preference fro rule based judgement","False","1",91,"multiple item measure","Yes","Not Reported","",1,FALSE,"",TRUE,TRUE,TRUE,TRUE,TRUE,"True, namely:","use of rule or similarity based judegement trials from Norenzayan, Smith, Kim, & Nisbett, 2002, Study 2",TRUE,TRUE,FALSE,FALSE,"None","",TRUE,TRUE,NA,TRUE,"True",TRUE,FALSE,FALSE,NA,NA,NA,"Before",TRUE,TRUE,TRUE,TRUE,FALSE,"None","",TRUE,TRUE,NA,"True",TRUE,NA,NA,NA,NA,NA,"True",0,1,1,5,5,0,2,4,0.5,3,3,0,1,3,0.6667,16,11,0.3125,5,5,0,2,4,0.5,3,3,0,1,1,0,11,14,0.2143
3,"Replication","LESS IS BETTER: WHEN LOW-VALUE OPTIONS ARE VALUED MORE HIGHLY THAN HIGH-VALUE OPTIONS (Hsee, 1998, Study 1) ","gift generosity scale from Hsee (1998)","appreciation for a gift.","False","1",93,"1 item measure","Yes","","",1,TRUE,"",TRUE,TRUE,TRUE,TRUE,TRUE,"True, namely:","gift generosity scale from Hsee (1998)",TRUE,TRUE,NA,NA,"Not Apllicable (only report this if psychometric evidence would not be possible for this measure, otherwise report as None)","",TRUE,TRUE,NA,NA,"True",FALSE,NA,FALSE,FALSE,TRUE,TRUE,"Before",TRUE,TRUE,TRUE,TRUE,NA,"Not Apllicable (only report this if psychometric evidence would not be possible for this measure, otherwise report as None)","",TRUE,TRUE,NA,"True",NA,NA,TRUE,NA,NA,NA,"True",1,1,0,5,5,0,2,2,0,2,2,0,2,5,0.6,15,12,0.2,5,5,0,2,2,0,2,2,0,1,1,0,11,11,0
3,"Replication","MORAL TYPECASTING: DIVERGENT PERCEPTIONS OF MORAL AGENTS AND MORAL PATIENTS (Gray & Wegner, 2009, Study 1a) ","perceived responsibility question from Gray and Wegner (2009)","perceived responsibility","True","1",102,"1 item measure","Yes","","",1,TRUE,"",TRUE,TRUE,TRUE,TRUE,TRUE,"True, namely:","intentional behaviour question from Gray and Wegner (2009)",TRUE,TRUE,NA,NA,"Not Apllicable (only report this if psychometric evidence would not be possible for this measure, otherwise report as None)","",TRUE,TRUE,NA,NA,"None Reported",NA,NA,NA,NA,NA,NA,"",TRUE,TRUE,TRUE,TRUE,NA,"Not Apllicable (only report this if psychometric evidence would not be possible for this measure, otherwise report as None)","",TRUE,TRUE,NA,"False",NA,NA,NA,NA,NA,NA,"True",1,1,0,5,5,0,2,2,0,2,2,0,0,0,NA,10,10,0,5,5,0,2,2,0,2,2,0,0,0,NA,10,10,0
3,"Replication","WASHING AWAY YOUR SINS: THREATENED MORALITY AND PHYSICAL CLEANSING (Zhong & Liljenquist, 2006, Study 2)","cleaning products rating from Zhong and Liljenquist (2006)","favor towardscleaning","False","1",82,"multiple item measure","No","Not Reported","",1,FALSE,"",TRUE,TRUE,TRUE,TRUE,TRUE,"True, namely:","cleaning products rating from Zhong and Liljenquist (2006)",TRUE,TRUE,FALSE,FALSE,"None","",TRUE,TRUE,NA,TRUE,"True",TRUE,TRUE,FALSE,NA,NA,NA,"Before",TRUE,TRUE,TRUE,TRUE,FALSE,"None","",TRUE,TRUE,NA,"True",TRUE,TRUE,NA,NA,NA,NA,"False",0,1,1,5,5,0,2,4,0.5,3,3,0,2,3,0.3333,16,12,0.25,5,5,0,2,4,0.5,3,3,0,2,2,0,12,15,0.2
3,"Replication","ASSIMILATION AND CONTRAST EFFECTS IN PART-WHOLE QUESTION SEQUENCES: A CONVERSATIONAL LOGIC ANALYSIS (Schwarz, Strack & Mai, 1991, Study 1)","general life satisfaction question from Schwarz, Strack & Mai, 1991, Study 1","general life satisfaction","True","1",92,"1 item measure","No","","",1,FALSE,"",TRUE,TRUE,TRUE,TRUE,TRUE,"True, namely:","general life satisfaction question from Schwarz, Strack & Mai, 1991, Study 1",TRUE,TRUE,NA,NA,"Not Apllicable (only report this if psychometric evidence would not be possible for this measure, otherwise report as None)","",TRUE,TRUE,NA,NA,"True",NA,NA,TRUE,FALSE,TRUE,FALSE,"Before",TRUE,TRUE,TRUE,TRUE,NA,"Not Apllicable (only report this if psychometric evidence would not be possible for this measure, otherwise report as None)","",TRUE,TRUE,NA,"True",NA,NA,TRUE,NA,NA,NA,"False",0,1,1,5,5,0,2,2,0,2,2,0,2,4,0.5,14,11,0.2143,5,5,0,2,2,0,2,2,0,1,1,0,10,11,0.0909
3,"Replication","ASSIMILATION AND CONTRAST EFFECTS IN PART-WHOLE QUESTION SEQUENCES: A CONVERSATIONAL LOGIC ANALYSIS (Schwarz, Strack & Mai, 1991, Study 1)","relationship satisfaction question","specific satisfaction","False","2",92,"1 item measure","No","","",1,FALSE,"",TRUE,TRUE,TRUE,TRUE,TRUE,"True, namely:","specific life satisfaction question from (Schwarz, Strack & Mai, 1991, Study 1)",TRUE,FALSE,NA,NA,"Not Apllicable (only report this if psychometric evidence would not be possible for this measure, otherwise report as None)","",TRUE,TRUE,NA,NA,"True",NA,NA,TRUE,FALSE,TRUE,FALSE,"Before",TRUE,TRUE,TRUE,TRUE,NA,"Not Apllicable (only report this if psychometric evidence would not be possible for this measure, otherwise report as None)","",TRUE,TRUE,NA,"True",NA,NA,TRUE,NA,NA,NA,"False",0,1,1,5,5,0,1,2,0.5,2,2,0,2,4,0.5,14,10,0.2857,5,5,0,1,2,0.5,2,2,0,1,1,0,9,11,0.1818
3,"Replication","CHOOSING VERSUS REJECTING: WHY SOME OPTIONS ARE BOTH BETTER AND WORSE THAN OTHERS (Shafir, 1993, Study 1)","award or deny custody questions from Shafir, 1993, Study 1","framing effect","True","1",98,"The measure is not a scale","No","","",1,TRUE,"",TRUE,TRUE,TRUE,TRUE,TRUE,"True, namely:","award or deny custody questions from Shafir, 1993, Study 1",TRUE,TRUE,NA,NA,"Not Apllicable (only report this if psychometric evidence would not be possible for this measure, otherwise report as None)","",TRUE,TRUE,NA,TRUE,"None Reported",NA,NA,NA,NA,NA,NA,"",TRUE,TRUE,TRUE,TRUE,NA,"Not Apllicable (only report this if psychometric evidence would not be possible for this measure, otherwise report as None)","",TRUE,TRUE,NA,"False",NA,NA,NA,NA,NA,NA,"True",1,1,0,5,5,0,2,2,0,3,3,0,0,0,NA,11,11,0,5,5,0,2,2,0,3,3,0,0,0,NA,11,11,0
3,"Replication","HOW WARM DAYS INCREASE BELIEF IN GLOBAL WARMING (Zaval, Keenan, Johnson & Weber, 2014, Study 3A)","global warming concern question from Zaval et al. (2014)","global warming concern","True","1",50,"1 item measure","No","","",1,FALSE,"",TRUE,TRUE,TRUE,TRUE,TRUE,"True, namely:","global warming concern question from Zaval et al. (2014)",TRUE,TRUE,NA,NA,"Not Apllicable (only report this if psychometric evidence would not be possible for this measure, otherwise report as None)","",TRUE,TRUE,NA,NA,"True",NA,NA,TRUE,TRUE,TRUE,TRUE,"Before",TRUE,TRUE,TRUE,TRUE,NA,"Not Apllicable (only report this if psychometric evidence would not be possible for this measure, otherwise report as None)","",TRUE,TRUE,NA,"True",NA,NA,TRUE,NA,NA,NA,"False",0,1,1,5,5,0,2,2,0,2,2,0,4,4,0,14,13,0.0714,5,5,0,2,2,0,2,2,0,1,1,0,10,11,0.0909
3,"Replication","HOW WARM DAYS INCREASE BELIEF IN GLOBAL WARMING (Zaval, Keenan, Johnson & Weber, 2014, Study 3A)","global warming belief question from (Zaval, Keenan, Johnson & Weber, 2014, Study 3A)","global warming belief","True","2",50,"1 item measure","No","","",1,FALSE,"",TRUE,TRUE,TRUE,TRUE,TRUE,"True, namely:","global warming belief question from (Zaval, Keenan, Johnson & Weber, 2014, Study 3A)",TRUE,TRUE,NA,NA,"Not Apllicable (only report this if psychometric evidence would not be possible for this measure, otherwise report as None)","",TRUE,TRUE,NA,NA,"True",NA,NA,TRUE,TRUE,TRUE,TRUE,"Before",TRUE,TRUE,TRUE,TRUE,NA,"Not Apllicable (only report this if psychometric evidence would not be possible for this measure, otherwise report as None)","",TRUE,TRUE,NA,"False",NA,NA,NA,NA,NA,NA,"False",0,1,1,5,5,0,2,2,0,2,2,0,4,4,0,14,13,0.0714,5,5,0,2,2,0,2,2,0,0,0,NA,9,10,0.1
3,"Replication","INTENTIONAL ACTION AND SIDE EFFECTS IN ORDINARY LANGUAGE (Knobe, 2003, Study 1)","side effect intetionality question from Knobe (2003)","rated side effect intentionality","False","1",99,"1 item measure","Yes","","",1,TRUE,"",TRUE,TRUE,TRUE,TRUE,TRUE,"True, namely:","side effect intetionality question from Knobe (2003)",TRUE,TRUE,NA,NA,"Not Apllicable (only report this if psychometric evidence would not be possible for this measure, otherwise report as None)","",TRUE,TRUE,NA,NA,"True",NA,NA,NA,NA,TRUE,TRUE,"Before",TRUE,TRUE,TRUE,TRUE,NA,"Not Apllicable (only report this if psychometric evidence would not be possible for this measure, otherwise report as None)","",TRUE,TRUE,NA,"True",TRUE,TRUE,NA,NA,NA,NA,"True",1,1,0,5,5,0,2,2,0,2,2,0,2,2,0,12,12,0,5,5,0,2,2,0,2,2,0,2,2,0,12,12,0
3,"Replication","STUDIES OF SIMILARITY (Tversky & Gati, 1978, Study 2)","country pair similarity ratings from Tversky and Gati (1978, study 2)","rated pair similarity","False","1",43,"multiple item measure","No","Not Reported","",1,FALSE,"",TRUE,TRUE,TRUE,FALSE,TRUE,"True, namely:","country pair similarity ratings from Tversky and Gati (1978, study 2)",TRUE,TRUE,FALSE,FALSE,"None","",TRUE,TRUE,TRUE,TRUE,"True",TRUE,FALSE,TRUE,FALSE,NA,NA,"Before",TRUE,TRUE,TRUE,TRUE,FALSE,"None","",TRUE,TRUE,NA,"True",TRUE,NA,TRUE,FALSE,NA,NA,"False",0,1,1,4,5,0.2,2,4,0.5,4,4,0,2,4,0.5,18,12,0.3333,4,5,0.2,2,4,0.5,3,3,0,2,3,0.3333,11,16,0.3125
4,"Replication","Power and perspectives not taken (Galinsky, Magee, Inesi, & Gruenfeld, 2006, Study 2a)","comment evaluation question from Galinsky et al. (2006)","perspective taking","False","1",31,"1 item measure","No","","",1,TRUE,"",TRUE,TRUE,TRUE,TRUE,TRUE,"True, namely:","comment evaluation question from Galinsky et al. (2006)",TRUE,TRUE,NA,NA,"Not Apllicable (only report this if psychometric evidence would not be possible for this measure, otherwise report as None)","",TRUE,TRUE,NA,NA,"None Reported",NA,NA,NA,NA,NA,NA,"",TRUE,TRUE,TRUE,TRUE,NA,"Not Apllicable (only report this if psychometric evidence would not be possible for this measure, otherwise report as None)","",TRUE,TRUE,NA,"False",NA,NA,NA,NA,NA,NA,"True",1,1,0,5,5,0,2,2,0,2,2,0,0,0,NA,10,10,0,5,5,0,2,2,0,2,2,0,0,0,NA,10,10,0
4,"Replication","Moral credentials and the expression of prejudice (Monin & Miller, 2001, Study 1)","list of some/most statements from Monin and Miller (2001)","moral credentials","False","1",37,"multiple item measure","No","Not Reported","",1,TRUE,"",TRUE,TRUE,TRUE,TRUE,TRUE,"True, namely:","list of some/most statements from Monin and Miller (2001)",TRUE,TRUE,FALSE,FALSE,"None","",TRUE,TRUE,NA,FALSE,"False",NA,NA,NA,NA,NA,NA,"",TRUE,TRUE,TRUE,TRUE,FALSE,"None","",TRUE,FALSE,TRUE,"False",NA,NA,NA,NA,NA,NA,"False",1,1,0,5,5,0,2,4,0.5,2,3,0.3333,0,0,NA,13,10,0.2308,5,5,0,2,4,0.5,2,4,0.5,0,0,NA,10,14,0.2857
4,"Replication","Moral credentials and the expression of prejudice (Monin & Miller, 2001, Study 1)","gender suitability to job description question from Monin and Miller (2001)","expression of prejudice","False","2",37,"1 item measure","No","","",1,TRUE,"",TRUE,TRUE,TRUE,TRUE,TRUE,"True, namely:","gender suitability to job description question from Monin and Miller (2001)",TRUE,TRUE,NA,NA,"Not Apllicable (only report this if psychometric evidence would not be possible for this measure, otherwise report as None)","",TRUE,TRUE,NA,NA,"False",NA,NA,NA,NA,NA,NA,"",TRUE,TRUE,TRUE,FALSE,NA,"Not Apllicable (only report this if psychometric evidence would not be possible for this measure, otherwise report as None)","",TRUE,TRUE,NA,"False",NA,NA,NA,NA,NA,NA,"True",1,1,0,5,5,0,2,2,0,2,2,0,0,0,NA,10,10,0,5,5,0,1,2,0.5,2,2,0,0,0,NA,9,10,0.1
4,"Replication","It feels like yesterday: self­esteem, valence of personal past experiences, and judgments of subjective distance (Ross, & Wilson, 2002, Study 2)","time since last term in school question from Ross, & Wilson, 2002, Study 2"," actual time passed ","True","1",38,"The measure is not a scale","Unclear","","",1,TRUE,"",TRUE,TRUE,TRUE,FALSE,TRUE,"True, namely:","time since last term in school question from Ross, & Wilson, 2002, Study 2",TRUE,TRUE,NA,NA,"Not Apllicable (only report this if psychometric evidence would not be possible for this measure, otherwise report as None)","",TRUE,NA,NA,NA,"False",NA,NA,NA,NA,NA,NA,"Before",TRUE,TRUE,TRUE,TRUE,NA,"Not Apllicable (only report this if psychometric evidence would not be possible for this measure, otherwise report as None)","",TRUE,NA,NA,"False",NA,NA,NA,NA,NA,NA,"False",1,1,0,4,5,0.2,2,2,0,1,1,0,0,0,NA,9,8,0.1111,4,5,0.2,2,2,0,1,1,0,0,0,NA,8,9,0.1111
4,"Replication","It feels like yesterday: self­esteem, valence of personal past experiences, and judgments of subjective distance (Ross, & Wilson, 2002, Study 2)","single­item measure of self­esteem (SISE; Robins, Hendin, & Trzesniewski, 2001)","self-esteem","True","2",38,"1 item measure","Unclear","","",1,TRUE,"single­item measure of self­esteem (SISE; Robins, Hendin, & Trzesniewski, 2001)",TRUE,TRUE,TRUE,FALSE,TRUE,"True, namely:","single­item measure of self­esteem (SISE; Robins, Hendin, & Trzesniewski, 2001)",TRUE,FALSE,NA,NA,"Not Apllicable (only report this if psychometric evidence would not be possible for this measure, otherwise report as None)","",TRUE,TRUE,NA,NA,"True",NA,NA,NA,NA,TRUE,FALSE,"Before",TRUE,TRUE,TRUE,TRUE,TRUE,"Other, namely:","convergent validity",TRUE,TRUE,NA,"True",NA,NA,NA,NA,TRUE,TRUE,"False",1,1,0,4,5,0.2,1,2,0.5,2,2,0,1,2,0.5,12,9,0.25,4,5,0.2,2,3,0.3333,2,2,0,2,2,0,11,13,0.1538
4,"Replication","It feels like yesterday: self­esteem, valence of personal past experiences, and judgments of subjective distance (Ross, & Wilson, 2002, Study 2)","Subjective distance of time question","subjective feeling of time passing","False","3",38,"1 item measure","Unclear","","",1,TRUE,"",TRUE,TRUE,FALSE,TRUE,TRUE,"True, namely:","Subjective distance question from Ross, & Wilson, 2002",TRUE,TRUE,NA,NA,"Not Apllicable (only report this if psychometric evidence would not be possible for this measure, otherwise report as None)","",FALSE,TRUE,NA,NA,"False",NA,NA,NA,NA,NA,NA,"",TRUE,TRUE,TRUE,TRUE,NA,"Not Apllicable (only report this if psychometric evidence would not be possible for this measure, otherwise report as None)","",TRUE,TRUE,NA,"False",NA,NA,NA,NA,NA,NA,"False",1,1,0,4,5,0.2,2,2,0,1,2,0.5,0,0,NA,10,8,0.2,4,5,0.2,2,2,0,2,2,0,0,0,NA,9,10,0.1
4,"Replication","Availability: A heuristic for judging frequency and probability (Tversky & Kahneman, 1973, Study 3)","letter position frequency guessing task from Tversky and Kahneman (1973)","availability heuristic","True","1",35,"multiple item measure","Yes","Not Reported","",1,TRUE,"",TRUE,TRUE,TRUE,TRUE,TRUE,"True, namely:","letter position frequency guessing task from Tversky and Kahneman (1973)",TRUE,TRUE,FALSE,FALSE,"None","",TRUE,TRUE,NA,TRUE,"True",TRUE,TRUE,TRUE,TRUE,NA,NA,"Before",TRUE,TRUE,TRUE,TRUE,NA,"Not Apllicable (only report this if psychometric evidence would not be possible for this measure, otherwise report as None)","",TRUE,TRUE,NA,"True",NA,NA,FALSE,NA,FALSE,NA,"False",1,1,0,5,5,0,2,4,0.5,3,3,0,4,4,0,17,15,0.1176,5,5,0,2,3,0.3333,3,3,0,0,2,1,11,14,0.2143
4,"Replication","Stroop task (Stroop, 1935; as adapted from Inzlicht, & Gutsell, 2007, Study 1)","stroop task as adapted from Inzlicht, & Gutsell, 2007, Study 1 and further modified","response latency","False","1",40,"multiple item measure","Yes","Not Reported","",1,TRUE,"stroop task as adapted from Inzlicht, & Gutsell, 2007, Study 1 and further modified",TRUE,TRUE,TRUE,TRUE,FALSE,"True, namely:","stroop task as adapted from Inzlicht, & Gutsell, 2007, Study 1",TRUE,TRUE,NA,FALSE,"Not Apllicable (only report this if psychometric evidence would not be possible for this measure, otherwise report as None)","",TRUE,NA,NA,TRUE,"True",NA,NA,NA,NA,TRUE,FALSE,"Before",TRUE,TRUE,TRUE,TRUE,NA,"Not Apllicable (only report this if psychometric evidence would not be possible for this measure, otherwise report as None)","",TRUE,TRUE,NA,"True",NA,NA,NA,NA,TRUE,TRUE,"True",1,1,0,4,5,0.2,2,3,0.3333,2,2,0,1,2,0.5,13,10,0.2308,5,5,0,2,3,0.3333,3,3,0,2,2,0,13,14,0.0714
4,"Replication","Warmer hearts, warmer rooms (Szymkow, Chandler, IJzerman, Parzuchowski, & Wojciszke, 2013, Study 1)","room temperature rating question from Szymkow, Chandler, IJzerman, Parzuchowski, & Wojciszke, 2013, Study 1","judgement of environment heat","True","1",36,"1 item measure","No","","",1,NA,"",TRUE,TRUE,TRUE,TRUE,TRUE,"True, namely:","room temperature rating question from Szymkow, Chandler, IJzerman, Parzuchowski, & Wojciszke, 2013, Study 1",TRUE,TRUE,NA,NA,"Not Apllicable (only report this if psychometric evidence would not be possible for this measure, otherwise report as None)","",TRUE,NA,NA,NA,"True",FALSE,NA,TRUE,FALSE,NA,NA,"Before",TRUE,TRUE,TRUE,TRUE,NA,"Not Apllicable (only report this if psychometric evidence would not be possible for this measure, otherwise report as None)","",TRUE,TRUE,NA,"True",TRUE,FALSE,TRUE,NA,NA,NA,"False",0,0,0,5,5,0,2,2,0,1,1,0,1,3,0.6667,11,9,0.1818,5,5,0,2,2,0,2,2,0,2,3,0.3333,11,12,0.0833
4,"Replication","Issue involvement can increase or decrease persuasion by enhancing message­relevant cognitive responses (Cacioppo, Petty, & Morris, 1983, Study 1)","argument quality questionnaire from Cacioppo, Petty, and Morris (1983) ","argument quality rating","False","1",28,"multiple item measure","No","Not Reported","",1,FALSE,"",TRUE,TRUE,TRUE,TRUE,TRUE,"True, namely:","argument quality questionnaire from Cacioppo, Petty, and Morris (1983) ",TRUE,TRUE,FALSE,FALSE,"None","",TRUE,TRUE,TRUE,TRUE,"False",NA,NA,NA,NA,NA,NA,"",TRUE,TRUE,TRUE,TRUE,FALSE,"None","",TRUE,TRUE,TRUE,"False",NA,NA,NA,NA,NA,NA,"True",0,1,1,5,5,0,2,4,0.5,4,4,0,0,0,NA,14,11,0.2143,5,5,0,2,4,0.5,4,4,0,0,0,NA,11,14,0.2143
4,"Replication",". Issue involvement can increase or decrease persuasion by enhancing message­relevant cognitive responses (Cacioppo, Petty, & Morris, 1983, Study 1)","Need for cognition (adapted from Cacioppo & Petty, 1982; Skulborstad, unpublished data)","need for cognition","False","2",28,"multiple item measure","No","alpha","",7,TRUE,"",TRUE,TRUE,TRUE,FALSE,FALSE,"True, namely:","Need for cognition (adapted from Cacioppo & Petty, 1982; Skulborstad, unpublished data)",TRUE,FALSE,FALSE,FALSE,"None","",TRUE,TRUE,FALSE,TRUE,"True",FALSE,NA,FALSE,NA,TRUE,FALSE,"Before",TRUE,TRUE,FALSE,TRUE,TRUE,"None","",TRUE,TRUE,FALSE,"True",NA,NA,NA,NA,TRUE,TRUE,"False",1,1,0,3,5,0.4,1,4,0.75,3,4,0.25,1,4,0.75,18,9,0.5,3,5,0.4,2,4,0.5,3,4,0.25,2,2,0,11,16,0.3125
4,"Replication","The Relation between Persistence and Conscientiousness (De Fruyt, Van De Wiele, & Van Heeringen, 2000)","Ten ­Item Personality Inventory for Big­Five personality (Gosling, Rentfrow, & Swann, 2003).","conscientiousness","True","1",39,"multiple item measure","No","retest","",1,FALSE,"Ten ­Item Personality Inventory for Big­Five personality (Gosling, Rentfrow, & Swann, 2003).",TRUE,TRUE,TRUE,FALSE,FALSE,"True, namely:","Ten ­Item Personality Inventory for Big­Five personality (Gosling, Rentfrow, & Swann, 2003).",TRUE,TRUE,FALSE,TRUE,"None","",TRUE,TRUE,FALSE,FALSE,"True",FALSE,NA,FALSE,NA,TRUE,FALSE,"Before",TRUE,TRUE,FALSE,TRUE,TRUE,"None","",TRUE,TRUE,FALSE,"True",NA,NA,NA,NA,FALSE,NA,"False",0,1,1,3,5,0.4,3,4,0.25,2,4,0.5,1,4,0.75,18,9,0.5,3,5,0.4,4,4,0,2,4,0.5,0,1,1,9,15,0.4
4,"Replication","The Relation between Persistence and Conscientiousness (De Fruyt, Van De Wiele, & Van Heeringen, 2000)","anagram solving tasks adapted from Aspinwall and Richter (2002)","task persistence","False","2",39,"multiple item measure","No","Not Reported","",1,FALSE,"anagram solving tasks adapted from Aspinwall and Richter (2002)",TRUE,TRUE,TRUE,TRUE,TRUE,"True, namely:","anagram solving tasks adapted from Aspinwall and Richter (2002)",TRUE,FALSE,FALSE,FALSE,"None","",TRUE,TRUE,NA,TRUE,"True",FALSE,NA,FALSE,NA,NA,NA,"Before",TRUE,TRUE,FALSE,TRUE,FALSE,"None","",FALSE,NA,NA,"True",NA,NA,NA,NA,TRUE,FALSE,"True",0,1,1,5,5,0,1,4,0.75,3,3,0,0,2,1,15,9,0.4,4,5,0.2,1,4,0.75,1,2,0.5,1,2,0.5,7,14,0.5
4,"Replication","Metaphoric structuring: Understanding time through spatial metaphors (Boroditsky, 2000"," ambiguous temporal statement from Boroditsky (2000)","temproal statement perception","False","1",25,"1 item measure","Yes","","",1,FALSE,"",TRUE,TRUE,TRUE,TRUE,TRUE,"True, namely:"," ambiguous temporal statement from Boroditsky (2000)",TRUE,TRUE,NA,NA,"Not Apllicable (only report this if psychometric evidence would not be possible for this measure, otherwise report as None)","",TRUE,TRUE,NA,NA,"False",NA,NA,NA,NA,NA,NA,"",TRUE,TRUE,TRUE,TRUE,NA,"Not Apllicable (only report this if psychometric evidence would not be possible for this measure, otherwise report as None)","",TRUE,TRUE,NA,"False",NA,NA,NA,NA,NA,NA,"False",0,1,1,5,5,0,2,2,0,2,2,0,0,0,NA,10,9,0.1,5,5,0,2,2,0,2,2,0,0,0,NA,9,10,0.1
4,"Replication","Weight as an embodiment of importance (Jostmann, Lakens, & Schubert, 2009, Study 2)","student input importance question from Jostmann, Lakens, and Schubert (2009)","perceptions of importance","False","1",27,"1 item measure","No","","",1,FALSE,"",TRUE,TRUE,TRUE,TRUE,TRUE,"True, namely:","student input importance question from Jostmann, Lakens, and Schubert (2009)",TRUE,TRUE,NA,NA,"Not Apllicable (only report this if psychometric evidence would not be possible for this measure, otherwise report as None)","",TRUE,TRUE,NA,NA,"True",NA,NA,TRUE,FALSE,NA,NA,"Before",TRUE,TRUE,TRUE,TRUE,NA,"Not Apllicable (only report this if psychometric evidence would not be possible for this measure, otherwise report as None)","",TRUE,TRUE,NA,"True",NA,NA,TRUE,NA,NA,NA,"True",0,1,1,5,5,0,2,2,0,2,2,0,1,2,0.5,12,10,0.1667,5,5,0,2,2,0,2,2,0,1,1,0,10,11,0.0909
5,"Replication","Albarracín et al. (2008, Journal of Personality and Social Psychology, 95), Experiment 5","verbal ability SAT-type problems from Albarracín et al. (2008, Journal of Personality and Social Psychology, 95), Experiment 5","verbal ability ","True","1",106,"multiple item measure","No","Not Reported","",1,TRUE,"",TRUE,TRUE,TRUE,TRUE,FALSE,"True, namely:","Albarracín et al. (2008, Journal of Personality and Social Psychology, 95), Experiment 5",TRUE,TRUE,FALSE,FALSE,"None","",FALSE,FALSE,NA,TRUE,"True",NA,NA,FALSE,NA,NA,NA,"Before",FALSE,TRUE,FALSE,FALSE,FALSE,"None","",FALSE,TRUE,NA,"False",NA,NA,NA,NA,NA,NA,"False",1,1,0,4,5,0.2,2,4,0.5,1,3,0.6667,0,1,1,14,8,0.4286,3,5,0.4,1,4,0.75,2,3,0.3333,0,0,NA,7,13,0.4615
5,"Replication","Albarracín et al. (2008, Journal of Personality and Social Psychology, 95), Experiment 5","quantitative ability SAT-type problems from Albarracín et al. (2008) ","quantitative ability","True","2",106,"multiple item measure","No","Not Reported","",1,TRUE,"",TRUE,TRUE,TRUE,TRUE,FALSE,"True, namely:","quantitative ability SAT-type problems from Albarracín et al. (2008) ",TRUE,TRUE,FALSE,FALSE,"None","",FALSE,FALSE,NA,TRUE,"True",NA,NA,FALSE,NA,NA,NA,"Before",FALSE,TRUE,FALSE,FALSE,FALSE,"None","",FALSE,TRUE,NA,"False",NA,NA,NA,NA,NA,NA,"False",1,1,0,4,5,0.2,2,4,0.5,1,3,0.6667,0,1,1,14,8,0.4286,3,5,0.4,1,4,0.75,2,3,0.3333,0,0,NA,7,13,0.4615
5,"Replication","Albarracín et al. (2008) Study 7","action related stem completion task from Albarracín et al. (2008) Study 5","action related cognition","True","1",103,"The measure is not a scale","No","Not Reported","",1,FALSE,"",FALSE,TRUE,TRUE,TRUE,TRUE,"Not Clearly Stated","",FALSE,TRUE,FALSE,FALSE,"None","",FALSE,FALSE,NA,FALSE,"True",TRUE,FALSE,NA,NA,TRUE,NA,"Before",TRUE,TRUE,TRUE,TRUE,NA,"Not Apllicable (only report this if psychometric evidence would not be possible for this measure, otherwise report as None)","",TRUE,TRUE,NA,"False",NA,NA,NA,NA,NA,NA,"True",0,1,1,4,5,0.2,1,4,0.75,0,3,1,2,3,0.3333,16,7,0.5625,5,5,0,2,3,0.3333,2,3,0.3333,0,0,NA,9,12,0.25
5,"Replication","Albarracín et al. (2008) Study 7","inaction stem completion task from Albarracín et al. (2008) Study 5","inaction cognition","False","2",103,"The measure is not a scale","No","Not Reported","",1,TRUE,"",FALSE,TRUE,TRUE,TRUE,TRUE,"Not Clearly Stated","",FALSE,FALSE,FALSE,FALSE,"None","",FALSE,FALSE,NA,FALSE,"True",FALSE,FALSE,NA,NA,FALSE,NA,"Before",TRUE,TRUE,TRUE,TRUE,NA,"Not Apllicable (only report this if psychometric evidence would not be possible for this measure, otherwise report as None)","",TRUE,TRUE,NA,"False",NA,NA,NA,NA,NA,NA,"True",1,1,0,4,5,0.2,0,4,1,0,3,1,0,3,1,16,5,0.6875,5,5,0,1,3,0.6667,2,3,0.3333,0,0,NA,9,12,0.25
5,"Replication","Förster, J., Liberman, N., & Kuschel, S. (2008). The effect of global versus local processing styles on assimilation versus contrast in social judgment","antagonistic trait description measure from Förster et al","antagonistic trait attirubtion","True","1",87,"multiple item measure","No","Not Reported","",1,FALSE,"",TRUE,TRUE,TRUE,TRUE,FALSE,"True, namely:","antagonistic trait description measure from Förster et al",TRUE,TRUE,FALSE,FALSE,"None","",TRUE,TRUE,NA,FALSE,"True",FALSE,NA,NA,NA,NA,NA,"Before",TRUE,TRUE,FALSE,TRUE,FALSE,"None","",TRUE,TRUE,FALSE,"False",NA,NA,NA,NA,NA,NA,"True",0,1,1,4,5,0.2,2,4,0.5,2,3,0.3333,0,1,1,14,8,0.4286,4,5,0.2,2,4,0.5,2,4,0.5,0,0,NA,8,14,0.4286
5,"Replication","Detecting the Snake in the Grass: Attention to Fear-Relevant Stimuli by Adults and Young Children by Vanessa LoBue and Judy S. DeLoache (2008","image identification task from LoBue and DeLoache (2008) ","latency in finding (non-)fear target","False","1",29,"multiple item measure","No","Not Reported","",1,TRUE,"",TRUE,TRUE,TRUE,TRUE,FALSE,"True, namely:","image identification task from LoBue and DeLoache (2008) ",TRUE,TRUE,FALSE,FALSE,"None","",TRUE,NA,NA,FALSE,"False",NA,NA,NA,NA,NA,NA,"",TRUE,TRUE,FALSE,TRUE,FALSE,"None","",TRUE,TRUE,NA,"False",NA,NA,NA,NA,NA,NA,"True",1,1,0,4,5,0.2,2,4,0.5,1,2,0.5,0,0,NA,12,8,0.3333,4,5,0.2,2,4,0.5,2,3,0.3333,0,0,NA,9,13,0.3077
5,"Replication","Payne, Burkley, & Stokes (2008) ","indirect rating procedure from Payne, Burkley, & Stokes, 2008","indirect racially biased rating","False","1",56,"multiple item measure","No","Not Reported","",1,TRUE,"",TRUE,TRUE,TRUE,TRUE,FALSE,"True, namely:","indirect rating procedure from Payne, Burkley, & Stokes, 2008",TRUE,TRUE,FALSE,FALSE,"None","",TRUE,TRUE,NA,TRUE,"True",NA,NA,TRUE,FALSE,NA,NA,"Before",TRUE,TRUE,FALSE,TRUE,FALSE,"None","",TRUE,TRUE,NA,"False",NA,NA,NA,NA,NA,NA,"True",1,1,0,4,5,0.2,2,4,0.5,3,3,0,1,2,0.5,15,11,0.2667,4,5,0.2,2,4,0.5,3,3,0,0,0,NA,10,13,0.2308
5,"Replication","Payne, Burkley, & Stokes (2008)","direct rating procedure from Payne, Burkley, & Stokes, 2008","direct ravially biased rrating","False","2",56,"multiple item measure","No","Not Reported","",1,TRUE,"",TRUE,TRUE,TRUE,TRUE,FALSE,"True, namely:","direct rating procedure from Payne, Burkley, & Stokes, 2008",TRUE,TRUE,FALSE,FALSE,"None","",TRUE,TRUE,NA,TRUE,"True",NA,NA,TRUE,FALSE,NA,NA,"Before",TRUE,TRUE,FALSE,TRUE,FALSE,"None","",TRUE,TRUE,NA,"False",NA,NA,NA,NA,NA,NA,"True",1,1,0,4,5,0.2,2,4,0.5,3,3,0,1,2,0.5,15,11,0.2667,4,5,0.2,2,4,0.5,3,3,0,0,0,NA,10,13,0.2308
5,"Replication","Risen & Gilovich (2008) study 6","likelihood of being called on question from Risen & Gilovich (2008)","measure of tempting fate","False","1",83,"1 item measure","No","","",1,NA,"",TRUE,TRUE,TRUE,FALSE,TRUE,"True, namely:","likelihood of being called on question from Risen & Gilovich (2008)",FALSE,TRUE,NA,NA,"Not Apllicable (only report this if psychometric evidence would not be possible for this measure, otherwise report as None)","",TRUE,TRUE,NA,NA,"None Reported",NA,NA,NA,NA,NA,NA,"",TRUE,TRUE,TRUE,TRUE,NA,"Not Apllicable (only report this if psychometric evidence would not be possible for this measure, otherwise report as None)","",TRUE,TRUE,NA,"False",NA,NA,NA,NA,NA,NA,"True",0,0,0,4,5,0.2,1,2,0.5,2,2,0,0,0,NA,9,7,0.2222,4,5,0.2,2,2,0,2,2,0,0,0,NA,8,9,0.1111
5,"Replication","“A Needs-Based Model of Reconciliation: Satisfying the Differential Emotional Needs of Victim and Perpetrator as a Key to Promoting Reconciliation” (Shnabel &; Nadler, JPSP, 2008)","willingness to reconcile scale from Shnabel and Nadler (2008) ","willingness to reconcile","False","1",10,"multiple item measure","Yes","Not Reported","",1,FALSE,"",TRUE,TRUE,TRUE,TRUE,TRUE,"True, namely:","willingness to reconcile scale from Shnabel and Nadler (2008) ",TRUE,TRUE,FALSE,FALSE,"None","",TRUE,TRUE,FALSE,FALSE,"True",TRUE,FALSE,FALSE,NA,NA,NA,"Before",TRUE,TRUE,TRUE,TRUE,FALSE,"None","",TRUE,TRUE,FALSE,"True",TRUE,NA,NA,NA,NA,NA,"True",0,1,1,5,5,0,2,4,0.5,2,4,0.5,1,3,0.6667,17,10,0.4118,5,5,0,2,4,0.5,2,4,0.5,1,1,0,10,15,0.3333
5,"Replication","van Dijk et al. (2008)","chip bargaining with fictional respondent from van Dijk et al. (2008)","number of chips offered in bargaining","False","1",6,"1 item measure","No","","",1,NA,"",TRUE,TRUE,TRUE,TRUE,TRUE,"True, namely:","chip bargaining with fictional respondent from van Dijk et al. (2008)",TRUE,TRUE,NA,NA,"Not Apllicable (only report this if psychometric evidence would not be possible for this measure, otherwise report as None)","",TRUE,TRUE,NA,TRUE,"True",TRUE,TRUE,TRUE,FALSE,NA,NA,"Before",TRUE,TRUE,TRUE,TRUE,NA,"Not Apllicable (only report this if psychometric evidence would not be possible for this measure, otherwise report as None)","",TRUE,TRUE,NA,"True",TRUE,TRUE,TRUE,TRUE,NA,NA,"True",0,0,0,5,5,0,2,2,0,3,3,0,3,4,0.25,14,13,0.0714,5,5,0,2,2,0,3,3,0,4,4,0,14,14,0
5,"Replication","Vohs, K. & Schooler, J. (2008). The value of believing in free will: Encouraging a belief in determinism increases cheating.","FAD-Plus Free Will subscale from Paulhus & Carey, 2011a ","belief in free-will","False","1",42,"multiple item measure","Yes","alpha","",16,TRUE,"FAD-Plus Free Will subscale from Paulhus & Carey, 2011a ",TRUE,TRUE,TRUE,TRUE,TRUE,"True, namely:","FAD-Plus Free Will subscale from Paulhus & Carey, 2011a ",TRUE,TRUE,FALSE,TRUE,"None","",TRUE,TRUE,FALSE,FALSE,"True",NA,NA,NA,NA,TRUE,TRUE,"Before",TRUE,TRUE,TRUE,TRUE,FALSE,"None","",TRUE,TRUE,TRUE,"True",NA,NA,NA,NA,TRUE,TRUE,"False",1,1,0,5,5,0,3,4,0.25,2,4,0.5,2,2,0,16,13,0.1875,5,5,0,3,4,0.25,3,4,0.25,2,2,0,14,16,0.125
5,"Replication","Vohs, K. & Schooler, J. (2008). The value of believing in free will: Encouraging a belief in determinism increases cheating","computer-based mental-arithmetic task (von Hippel, Lakin, & Shakarchi, 2005) with cheating options","tendency to cheat","False","2",42,"The measure is not a scale","Yes","","",1,TRUE,"",TRUE,TRUE,TRUE,TRUE,TRUE,"True, namely:","computer-based mental-arithmetic task (von Hippel, Lakin, & Shakarchi, 2005) with cheating options",TRUE,TRUE,NA,NA,"Not Apllicable (only report this if psychometric evidence would not be possible for this measure, otherwise report as None)","",TRUE,NA,NA,TRUE,"None Reported",NA,NA,NA,NA,NA,NA,"",TRUE,TRUE,TRUE,TRUE,NA,"Not Apllicable (only report this if psychometric evidence would not be possible for this measure, otherwise report as None)","",TRUE,NA,NA,"False",NA,NA,NA,NA,NA,NA,"True",1,1,0,5,5,0,2,2,0,2,2,0,0,0,NA,10,10,0,5,5,0,2,2,0,2,2,0,0,0,NA,10,10,0
