"g","mcsome1","mcsome2","mcsome3","mcsome4","mcsome5"
"AshlandUniversity",0,0,0,0,0
"AshlandUniversity",0,1,1,0,1
"AshlandUniversity",0,0,0,0,0
"AshlandUniversity",1,0,0,1,0
"AshlandUniversity",0,1,0,0,0
"AshlandUniversity",0,0,1,0,1
"AshlandUniversity",0,1,1,0,0
"AshlandUniversity",0,0,0,0,1
"AshlandUniversity",0,1,1,1,1
"AshlandUniversity",1,1,1,1,1
"AshlandUniversity",0,1,1,0,0
"AshlandUniversity",1,1,1,1,1
"AshlandUniversity",1,1,1,0,0
"AshlandUniversity",1,1,1,0,1
"AshlandUniversity",0,0,0,0,0
"AshlandUniversity",0,1,0,0,0
"AshlandUniversity",0,1,1,1,1
"AshlandUniversity",1,1,1,1,1
"AshlandUniversity",0,0,0,0,0
"AshlandUniversity",0,1,0,0,0
"AshlandUniversity",0,0,0,0,0
"AshlandUniversity",1,1,1,1,1
"AshlandUniversity",1,1,1,1,1
"AshlandUniversity",0,1,1,0,1
"AshlandUniversity",0,1,1,0,1
"AshlandUniversity",0,0,0,0,1
"AshlandUniversity",0,0,0,0,0
"AshlandUniversity",1,1,1,1,1
"AshlandUniversity",0,1,1,0,0
"AshlandUniversity",0,0,1,0,0
"AshlandUniversity",1,1,0,0,1
"AshlandUniversity",1,1,1,0,1
"AshlandUniversity",0,0,0,0,0
"AshlandUniversity",1,1,1,1,1
"AshlandUniversity",0,1,0,0,1
"AshlandUniversity",0,0,0,0,0
"AshlandUniversity",1,1,0,0,1
"AshlandUniversity",0,0,0,0,0
"AshlandUniversity",0,1,0,1,1
"AshlandUniversity",1,0,0,1,1
"AshlandUniversity",0,1,1,1,1
"AshlandUniversity",0,1,1,1,0
"BradleyUniversity",1,1,1,0,0
"BradleyUniversity",1,0,0,0,0
"BradleyUniversity",1,1,1,0,1
"BradleyUniversity",0,1,1,0,1
"BradleyUniversity",0,1,1,1,1
"BradleyUniversity",1,0,1,0,1
"BradleyUniversity",1,1,1,1,1
"BradleyUniversity",1,1,1,1,1
"BradleyUniversity",0,0,1,1,1
"BradleyUniversity",1,1,1,1,1
"BradleyUniversity",0,1,1,1,0
"BradleyUniversity",1,1,1,0,0
"BradleyUniversity",0,1,1,0,1
"BradleyUniversity",1,1,1,1,0
"BradleyUniversity",1,1,0,0,1
"BradleyUniversity",0,0,1,0,0
"BradleyUniversity",0,0,0,0,1
"BradleyUniversity",0,0,0,0,1
"BradleyUniversity",1,0,0,1,0
"BradleyUniversity",0,1,1,0,0
"BradleyUniversity",0,0,1,0,1
"BradleyUniversity",0,1,0,0,1
"BradleyUniversity",0,0,0,1,1
"BradleyUniversity",0,1,0,0,0
"BradleyUniversity",0,0,0,0,0
"BradleyUniversity",1,1,1,0,1
"BradleyUniversity",1,1,1,1,1
"BradleyUniversity",0,1,1,0,0
"BradleyUniversity",1,1,1,1,1
"BradleyUniversity",0,0,0,0,0
"BradleyUniversity",1,1,1,1,1
"BradleyUniversity",1,1,1,1,1
"BradleyUniversity",0,0,0,0,0
"BradleyUniversity",0,0,0,0,1
"BradleyUniversity",1,0,1,0,0
"BradleyUniversity",1,1,1,1,1
"BradleyUniversity",0,0,0,0,0
"BradleyUniversity",0,0,0,0,0
"BradleyUniversity",1,0,1,0,1
"BradleyUniversity",1,1,1,1,1
"BradleyUniversity",1,1,1,0,0
"BradleyUniversity",0,1,0,0,1
"BradleyUniversity",1,1,0,1,1
"BradleyUniversity",1,1,1,1,0
"BradleyUniversity",0,1,0,1,0
"BradleyUniversity",0,1,0,0,0
"BradleyUniversity",0,0,0,0,0
"BradleyUniversity",0,1,0,0,0
"BradleyUniversity",0,0,0,0,0
"BradleyUniversity",0,0,0,0,0
"BradleyUniversity",1,1,1,1,0
"BradleyUniversity",0,0,0,1,1
"BradleyUniversity",1,1,0,0,0
"CarletonUniversity",1,0,0,0,1
"CarletonUniversity",0,0,1,0,0
"CarletonUniversity",0,1,0,1,0
"CarletonUniversity",0,0,0,0,0
"CarletonUniversity",0,1,0,0,1
"CarletonUniversity",0,1,1,1,1
"CarletonUniversity",0,1,1,0,0
"CarletonUniversity",0,1,1,0,1
"CarletonUniversity",1,0,1,1,1
"CarletonUniversity",1,0,1,1,1
"CarletonUniversity",0,1,1,0,0
"CarletonUniversity",1,1,1,1,1
"CarletonUniversity",1,1,1,1,1
"CarletonUniversity",0,0,1,0,1
"CarletonUniversity",0,0,0,0,1
"CarletonUniversity",0,0,0,0,0
"CarletonUniversity",1,1,1,1,1
"CarletonUniversity",1,0,1,1,0
"CarletonUniversity",1,1,1,0,0
"CarletonUniversity",1,1,1,1,0
"CarletonUniversity",0,1,1,0,0
"CarletonUniversity",1,0,1,0,1
"IthacaCollege",1,1,1,0,1
"IthacaCollege",0,0,0,0,0
"IthacaCollege",1,1,0,0,1
"IthacaCollege",0,1,1,1,1
"IthacaCollege",0,1,1,0,1
"IthacaCollege",1,1,0,1,1
"IthacaCollege",1,1,1,0,1
"IthacaCollege",1,1,1,1,1
"IthacaCollege",0,0,0,0,0
"IthacaCollege",0,1,1,0,1
"IthacaCollege",0,1,1,0,0
"IthacaCollege",0,0,0,0,0
"IthacaCollege",0,1,1,1,0
"IthacaCollege",0,0,0,0,0
"IthacaCollege",0,0,0,0,0
"IthacaCollege",0,1,1,0,0
"IthacaCollege",0,1,0,0,0
"IthacaCollege",0,1,1,1,1
"IthacaCollege",1,1,1,0,0
"IthacaCollege",1,1,0,0,0
"IthacaCollege",0,0,0,0,0
"IthacaCollege",1,0,1,1,1
"IthacaCollege",0,1,0,0,0
"IthacaCollege",1,1,1,1,1
"IthacaCollege",0,1,1,0,0
"IthacaCollege",0,1,1,1,1
"IthacaCollege",0,1,0,0,0
"IthacaCollege",1,1,1,0,1
"IthacaCollege",1,1,1,0,1
"IthacaCollege",1,1,1,1,1
"IthacaCollege",0,1,1,1,0
"IthacaCollege",0,0,0,0,0
"IthacaCollege",1,1,1,1,1
"IthacaCollege",0,1,0,0,0
"IthacaCollege",1,1,1,0,1
"IthacaCollege",1,1,1,0,1
"IthacaCollege",0,0,1,0,0
"IthacaCollege",1,1,1,1,1
"IthacaCollege",1,0,1,0,1
"IthacaCollege",1,1,0,1,1
"IthacaCollege",1,1,1,0,1
"IthacaCollege",0,1,0,0,0
"IthacaCollege",0,0,0,0,0
"IthacaCollege",1,1,1,1,1
"IthacaCollege",0,0,0,0,0
"IthacaCollege",1,1,0,0,1
"MiamiUniversity",0,0,0,0,0
"MiamiUniversity",0,0,0,0,0
"MiamiUniversity",1,1,1,1,1
"MiamiUniversity",0,1,0,0,1
"MiamiUniversity",0,1,1,0,0
"MiamiUniversity",0,1,0,0,1
"MiamiUniversity",1,0,1,0,1
"MiamiUniversity",0,0,1,1,0
"MiamiUniversity",0,1,1,1,0
"MiamiUniversity",0,1,1,0,1
"MiamiUniversity",1,1,1,1,0
"MiamiUniversity",0,0,0,0,0
"MiamiUniversity",1,1,1,1,1
"MiamiUniversity",0,1,1,0,0
"MiamiUniversity",0,0,0,0,0
"MiamiUniversity",0,1,0,0,0
"MiamiUniversity",0,0,0,0,0
"MiamiUniversity",0,1,0,0,1
"MiamiUniversity",1,1,1,1,1
"MiamiUniversity",0,1,1,0,0
"MiamiUniversity",0,0,0,0,0
"MiamiUniversity",0,0,0,0,0
"MiamiUniversity",0,1,1,0,0
"MiamiUniversity",0,0,1,0,0
"MiamiUniversity",1,0,0,1,1
"MiamiUniversity",1,0,0,0,0
"MiamiUniversity",0,0,0,0,0
"MiamiUniversity",0,1,0,0,0
"MiamiUniversity",1,1,0,1,0
"MiamiUniversity",0,1,1,0,1
"MiamiUniversity",0,0,1,0,0
"MiamiUniversity",0,1,0,0,0
"MiamiUniversity",1,1,1,1,1
"MiamiUniversity",1,1,1,0,1
"MiamiUniversity",0,0,1,0,0
"MiamiUniversity",0,1,1,0,0
"MiamiUniversity",1,1,1,0,1
"MiamiUniversity",0,1,1,0,0
"MiamiUniversity",1,1,1,1,1
"MiamiUniversity",0,0,0,0,0
"MiamiUniversity",0,1,0,0,0
"MiamiUniversity",1,0,1,0,1
"MiamiUniversity",1,1,1,0,1
"MiamiUniversity",0,0,1,0,1
"MiamiUniversity",0,1,1,0,0
"MiamiUniversity",0,0,0,0,0
"MiamiUniversity",0,0,0,0,0
"MiamiUniversity",1,1,1,0,0
"MiamiUniversity",1,1,1,0,1
"MiamiUniversity",1,1,1,1,0
"MiamiUniversity",0,1,0,0,0
"MiamiUniversity",0,1,0,1,1
"MichiganStateUniversity",0,1,0,0,0
"MichiganStateUniversity",1,1,1,0,1
"MichiganStateUniversity",0,1,1,0,0
"MichiganStateUniversity",1,1,1,0,0
"MichiganStateUniversity",0,1,0,0,0
"MichiganStateUniversity",1,1,1,1,1
"MichiganStateUniversity",0,0,0,0,0
"MichiganStateUniversity",1,0,0,1,1
"MichiganStateUniversity",0,1,0,1,0
"MichiganStateUniversity",1,1,1,0,1
"MichiganStateUniversity",1,1,1,1,1
"MichiganStateUniversity",1,1,1,1,1
"MichiganStateUniversity",0,0,0,0,0
"MichiganStateUniversity",1,1,1,1,1
"MichiganStateUniversity",0,0,0,0,0
"MichiganStateUniversity",1,1,1,0,1
"MichiganStateUniversity",1,1,1,0,1
"MichiganStateUniversity",0,1,1,0,0
"MichiganStateUniversity",1,1,1,1,1
"MichiganStateUniversity",1,1,1,1,1
"MichiganStateUniversity",0,0,1,1,0
"MichiganStateUniversity",0,1,0,0,0
"MichiganStateUniversity",0,1,0,0,1
"MichiganStateUniversity",0,1,1,0,0
"MichiganStateUniversity",1,1,1,1,1
"MichiganStateUniversity",1,1,1,1,0
"MichiganStateUniversity",0,1,1,1,0
"MichiganStateUniversity",1,1,1,1,0
"MichiganStateUniversity",0,1,0,0,0
"MichiganStateUniversity",0,0,0,0,0
"MichiganStateUniversity",1,1,0,0,0
"MichiganStateUniversity",1,1,0,1,0
"MichiganStateUniversity",1,1,0,0,0
"MichiganStateUniversity",1,1,1,1,1
"MichiganStateUniversity",0,1,0,1,0
"MichiganStateUniversity",0,0,1,1,0
"MichiganStateUniversity",0,0,0,1,1
"MichiganStateUniversity",1,1,0,1,0
"MichiganStateUniversity",0,1,1,0,1
"MichiganStateUniversity",1,1,1,1,1
"MichiganStateUniversity",0,0,0,1,0
"MichiganStateUniversity",0,1,1,0,0
"MichiganStateUniversity",1,1,1,0,1
"MichiganStateUniversity",0,0,1,1,0
"MichiganStateUniversity",0,0,0,0,0
"MichiganStateUniversity",0,1,0,0,1
"MichiganStateUniversity",0,1,1,1,0
"MichiganStateUniversity",1,1,1,0,1
"MichiganStateUniversity",0,0,1,1,0
"MichiganStateUniversity",0,0,0,0,0
"MichiganStateUniversity",1,1,1,1,1
"MichiganStateUniversity",1,1,1,1,1
"MichiganStateUniversity",0,1,0,0,1
"MichiganStateUniversity",0,1,1,0,0
"MichiganStateUniversity",0,1,0,0,0
"MichiganStateUniversity",1,1,0,0,0
"MichiganStateUniversity",1,1,1,1,1
"MichiganStateUniversity",0,0,1,1,1
"MichiganStateUniversity",1,1,1,0,0
"MichiganStateUniversity",1,1,1,1,1
"MichiganStateUniversity",0,0,0,0,0
"MichiganStateUniversity",0,1,1,0,1
"MichiganStateUniversity",1,0,1,0,0
"MichiganStateUniversity",0,1,0,0,0
"MichiganStateUniversity",1,1,1,1,1
"MichiganStateUniversity",0,1,1,0,0
"MichiganStateUniversity",1,1,1,1,1
"MichiganStateUniversity",1,0,1,1,1
"MichiganStateUniversity",0,1,0,0,0
"MichiganStateUniversity",1,0,1,1,1
"MichiganStateUniversity",1,1,1,0,0
"MichiganStateUniversity",1,0,1,0,0
"MichiganStateUniversity",0,1,1,0,0
"MichiganStateUniversity",1,1,1,1,1
"MichiganStateUniversity",0,1,1,0,0
"MichiganStateUniversity",1,1,1,0,1
"MichiganStateUniversity",1,1,1,0,0
"MichiganStateUniversity",0,1,0,0,0
"MichiganStateUniversity",0,0,1,1,0
"MichiganStateUniversity",0,1,1,1,0
"MichiganStateUniversity",0,1,0,0,0
"MichiganStateUniversity",0,0,1,0,1
"MichiganStateUniversity",0,0,0,0,0
"MichiganStateUniversity",0,1,1,1,1
"MichiganStateUniversity",0,1,0,0,0
"MichiganStateUniversity",0,1,1,0,1
"MichiganStateUniversity",1,1,1,1,1
"MichiganStateUniversity",1,1,1,1,1
"MichiganStateUniversity",1,1,1,0,1
"MichiganStateUniversity",0,0,0,0,1
"MichiganStateUniversity",1,1,1,1,0
"MichiganStateUniversity",0,1,1,1,1
"MichiganStateUniversity",1,1,1,1,1
"MichiganStateUniversity",0,1,1,1,1
"MichiganStateUniversity",1,1,1,1,0
"MichiganStateUniversity",0,1,0,0,0
"MichiganStateUniversity",0,1,1,0,1
"MichiganStateUniversity",0,0,0,1,1
"MichiganStateUniversity",1,1,1,1,1
"MichiganStateUniversity",0,1,1,0,0
"MichiganStateUniversity",1,1,1,1,0
"MichiganStateUniversity",1,1,1,1,1
"MichiganStateUniversity",0,1,1,1,1
"MichiganStateUniversity",0,0,0,1,1
"MichiganStateUniversity",0,1,1,1,1
"MichiganStateUniversity",1,1,1,0,0
"MichiganStateUniversity",1,0,0,0,0
"MichiganStateUniversity",0,1,1,0,1
"MichiganStateUniversity",0,1,1,1,0
"MichiganStateUniversity",1,1,1,0,1
"MichiganStateUniversity",1,0,1,1,1
"MichiganStateUniversity",1,1,0,0,1
"MichiganStateUniversity",1,1,1,0,1
"MichiganStateUniversity",0,1,0,0,0
"MichiganStateUniversity",1,1,1,0,0
"MichiganStateUniversity",0,0,0,1,1
"MichiganStateUniversity",1,1,0,0,1
"MichiganStateUniversity",0,1,0,1,1
"MichiganStateUniversity",0,0,1,1,1
"MichiganStateUniversity",0,0,0,0,0
"MichiganStateUniversity",1,0,0,0,1
"MichiganStateUniversity",0,0,1,0,1
"MichiganStateUniversity",0,1,1,0,0
"MichiganStateUniversity",1,1,1,0,1
"MichiganStateUniversity",1,1,1,1,1
"MichiganStateUniversity",1,1,1,1,1
"MichiganStateUniversity",1,1,1,1,1
"MichiganStateUniversity",0,1,1,0,1
"MichiganStateUniversity",0,0,1,0,0
"MichiganStateUniversity",1,1,1,1,0
"MichiganStateUniversity",1,1,1,1,1
"MichiganStateUniversity",1,1,1,0,0
"MichiganStateUniversity",1,1,1,1,1
"MichiganStateUniversity",0,0,1,1,0
"MichiganStateUniversity",1,1,1,1,1
"MichiganStateUniversity",1,1,1,1,1
"MichiganStateUniversity",0,0,0,0,0
"MichiganStateUniversity",0,1,0,0,0
"MichiganStateUniversity",1,1,1,1,1
"MichiganStateUniversity",1,0,1,1,1
"MichiganStateUniversity",1,1,1,0,1
"MichiganStateUniversity",1,1,1,0,0
"MichiganStateUniversity",1,1,0,1,0
"MichiganStateUniversity",1,1,1,0,0
"MichiganStateUniversity",0,1,0,0,0
"MichiganStateUniversity",0,0,0,0,1
"MichiganStateUniversity",0,0,0,0,0
"MichiganStateUniversity",0,0,0,0,0
"MichiganStateUniversity",0,1,0,1,1
"MichiganStateUniversity",1,1,1,1,1
"MichiganStateUniversity",0,1,1,0,0
"MichiganStateUniversity",0,1,1,0,1
"MichiganStateUniversity",0,1,1,0,1
"MichiganStateUniversity",0,1,0,0,1
"MichiganStateUniversity",1,1,0,0,0
"MontanaStateUniversity",1,1,1,1,1
"MontanaStateUniversity",1,1,1,0,0
"MontanaStateUniversity",0,1,0,1,1
"MontanaStateUniversity",1,1,0,0,0
"MontanaStateUniversity",1,1,1,0,1
"MontanaStateUniversity",1,1,1,1,0
"MontanaStateUniversity",1,0,0,1,1
"MontanaStateUniversity",0,1,1,0,0
"MontanaStateUniversity",0,1,1,0,0
"MontanaStateUniversity",0,0,0,0,1
"MontanaStateUniversity",1,1,1,1,1
"MontanaStateUniversity",0,0,0,0,1
"MontanaStateUniversity",0,1,1,0,0
"MontanaStateUniversity",0,1,1,1,1
"MontanaStateUniversity",0,1,1,0,1
"MontanaStateUniversity",0,1,1,0,0
"MontanaStateUniversity",1,1,1,1,1
"MontanaStateUniversity",1,0,1,0,1
"MontanaStateUniversity",0,0,0,0,0
"MontanaStateUniversity",0,0,1,0,1
"MontanaStateUniversity",0,0,0,0,0
"MontanaStateUniversity",0,1,1,0,0
"MontanaStateUniversity",0,1,0,1,0
"MontanaStateUniversity",1,1,1,1,1
"MontanaStateUniversity",1,1,1,1,1
"MontanaStateUniversity",1,1,0,0,0
"MontanaStateUniversity",1,1,1,1,0
"MontanaStateUniversity",0,1,1,1,1
"MontanaStateUniversity",1,1,1,1,1
"MontanaStateUniversity",1,0,1,0,0
"MontanaStateUniversity",0,1,0,1,1
"MontanaStateUniversity",1,0,0,0,0
"MontanaStateUniversity",0,0,1,0,1
"MontanaStateUniversity",1,1,1,0,1
"MontanaStateUniversity",1,1,0,0,1
"MontanaStateUniversity",0,0,0,0,0
"MontanaStateUniversity",1,1,1,0,1
"MontanaStateUniversity",1,1,1,0,0
"MontanaStateUniversity",0,1,0,1,0
"MontanaStateUniversity",0,1,0,1,0
"MontanaStateUniversity",1,1,1,1,1
"MontanaStateUniversity",1,1,1,1,1
"MontanaStateUniversity",1,1,1,0,0
"MontanaStateUniversity",0,1,1,0,0
"MontanaStateUniversity",1,1,1,1,1
"MontanaStateUniversity",0,1,0,1,0
"MontanaStateUniversity",0,0,0,0,0
"MontanaStateUniversity",1,1,1,1,1
"MontanaStateUniversity",1,1,1,1,1
"MontanaStateUniversity",0,0,0,1,1
"MontanaStateUniversity",0,0,1,0,1
"MontanaStateUniversity",0,0,0,0,0
"MontanaStateUniversity",0,0,1,1,0
"MontanaStateUniversity",0,0,0,0,0
"MontanaStateUniversity",0,1,1,0,0
"MontanaStateUniversity",1,1,0,0,0
"MontanaStateUniversity",0,1,0,0,0
"MontanaStateUniversity",1,1,1,1,0
"MontanaStateUniversity",0,1,1,0,0
"MontanaStateUniversity",0,1,1,1,0
"MontanaStateUniversity",0,0,0,0,0
"MontanaStateUniversity",0,1,0,0,1
"mTurk",1,1,1,1,0
"mTurk",1,1,1,1,1
"mTurk",0,1,1,0,0
"mTurk",0,1,1,0,0
"mTurk",0,0,0,0,0
"mTurk",1,0,1,0,1
"mTurk",0,1,0,1,0
"mTurk",0,1,0,0,1
"mTurk",1,1,1,1,0
"mTurk",0,1,1,0,0
"mTurk",0,1,1,0,0
"mTurk",0,1,1,1,0
"mTurk",1,1,1,1,1
"mTurk",0,0,0,0,0
"mTurk",0,0,0,1,1
"mTurk",0,0,1,0,0
"mTurk",0,0,0,0,0
"mTurk",0,1,1,0,0
"mTurk",1,1,1,1,1
"mTurk",0,0,0,0,0
"mTurk",0,1,0,1,1
"mTurk",0,0,0,0,1
"mTurk",1,1,0,0,1
"mTurk",0,1,1,1,1
"mTurk",1,1,1,1,1
"mTurk",0,1,1,0,0
"mTurk",0,0,1,0,1
"mTurk",1,1,1,1,0
"mTurk",0,1,1,0,0
"mTurk",0,0,1,0,1
"mTurk",0,0,0,0,1
"mTurk",0,0,1,0,1
"mTurk",0,0,0,0,0
"mTurk",1,1,1,1,1
"mTurk",0,1,1,0,1
"mTurk",1,0,1,0,0
"mTurk",0,1,1,0,0
"mTurk",0,0,1,0,0
"mTurk",0,1,1,1,1
"mTurk",0,1,0,1,0
"mTurk",1,1,1,1,1
"mTurk",1,1,1,1,1
"mTurk",1,1,1,1,1
"mTurk",0,0,0,0,1
"mTurk",1,1,1,1,1
"mTurk",0,1,1,0,0
"mTurk",0,1,0,1,0
"mTurk",1,1,0,0,1
"mTurk",0,1,1,0,0
"mTurk",1,1,1,1,1
"mTurk",0,0,0,0,0
"mTurk",0,0,1,0,0
"mTurk",0,0,1,0,1
"mTurk",1,1,1,1,1
"mTurk",0,1,1,1,1
"mTurk",0,0,0,0,0
"mTurk",1,1,1,1,1
"mTurk",1,1,1,0,1
"mTurk",0,0,0,0,0
"mTurk",0,1,1,0,0
"mTurk",1,1,1,1,1
"mTurk",0,0,0,0,0
"mTurk",0,0,0,0,0
"mTurk",0,1,0,0,0
"mTurk",1,0,1,0,0
"mTurk",0,0,0,0,0
"mTurk",0,1,1,1,1
"mTurk",1,1,1,1,1
"mTurk",0,1,1,0,1
"mTurk",1,1,1,0,0
"mTurk",0,0,0,0,0
"mTurk",1,1,1,1,1
"mTurk",1,1,1,0,1
"mTurk",1,1,1,0,1
"mTurk",1,1,1,1,1
"mTurk",0,1,1,0,0
"mTurk",0,0,0,0,0
"mTurk",0,1,1,1,0
"mTurk",1,0,0,1,1
"mTurk",0,0,0,0,0
"mTurk",1,0,0,0,0
"mTurk",0,0,1,0,1
"mTurk",1,1,1,1,1
"mTurk",0,0,0,0,1
"mTurk",0,1,0,1,0
"mTurk",1,1,1,1,1
"mTurk",0,0,1,0,0
"mTurk",0,0,0,0,0
"mTurk",0,0,0,0,0
"mTurk",1,1,1,1,1
"mTurk",0,1,1,0,0
"mTurk",0,1,1,0,1
"mTurk",0,0,0,0,1
"mTurk",1,1,1,1,1
"mTurk",0,0,1,1,1
"mTurk",0,0,0,0,0
"mTurk",1,0,1,1,0
"mTurk",1,0,1,1,1
"mTurk",0,1,0,0,0
"mTurk",1,1,1,1,1
"mTurk",1,1,1,1,1
"mTurk",0,1,0,0,0
"mTurk",0,0,1,0,0
"mTurk",0,0,0,0,0
"mTurk",0,1,1,0,1
"mTurk",0,1,1,0,0
"mTurk",0,0,0,1,1
"mTurk",0,1,1,1,0
"mTurk",0,0,0,0,0
"mTurk",1,1,1,1,1
"mTurk",0,0,1,0,0
"mTurk",0,0,1,0,0
"mTurk",0,1,1,0,0
"mTurk",1,1,1,1,1
"mTurk",0,1,0,0,1
"mTurk",0,0,1,0,0
"mTurk",1,1,1,1,1
"mTurk",0,0,0,0,0
"mTurk",0,1,1,0,1
"mTurk",0,0,0,0,0
"mTurk",0,0,0,0,0
"mTurk",1,1,1,1,1
"mTurk",0,1,0,0,1
"mTurk",0,0,0,0,0
"mTurk",0,0,0,0,0
"mTurk",0,1,1,1,1
"mTurk",1,1,1,1,1
"mTurk",0,0,0,0,1
"mTurk",0,0,0,0,0
"mTurk",0,1,1,1,1
"mTurk",1,1,1,1,0
"mTurk",1,1,1,1,1
"mTurk",0,1,0,0,0
"mTurk",0,1,1,0,0
"mTurk",0,0,1,0,0
"mTurk",0,1,1,1,1
"mTurk",0,1,0,0,1
"mTurk",0,1,0,0,0
"mTurk",0,0,0,0,0
"mTurk",1,1,1,1,1
"mTurk",0,0,0,0,0
"mTurk",0,0,0,1,1
"mTurk",0,1,0,1,0
"mTurk",1,1,1,1,1
"mTurk",0,0,1,0,0
"mTurk",0,0,0,0,1
"mTurk",0,0,0,0,0
"mTurk",0,0,0,0,0
"mTurk",0,0,0,0,0
"mTurk",0,0,0,0,0
"mTurk",1,1,1,1,1
"mTurk",0,0,0,0,1
"mTurk",1,1,1,1,0
"mTurk",1,1,1,1,0
"mTurk",0,1,1,0,1
"mTurk",0,0,0,0,1
"mTurk",0,1,0,0,0
"mTurk",0,1,0,0,1
"mTurk",0,0,0,0,0
"mTurk",0,0,1,0,1
"mTurk",1,1,1,1,1
"mTurk",0,0,0,0,1
"mTurk",0,0,1,0,0
"mTurk",1,1,0,0,1
"mTurk",0,1,0,0,0
"mTurk",0,1,1,0,0
"mTurk",1,1,1,0,0
"mTurk",0,1,0,0,1
"mTurk",0,0,0,0,1
"mTurk",0,1,0,0,0
"mTurk",0,1,0,0,0
"mTurk",1,1,1,1,1
"mTurk",0,0,1,0,1
"mTurk",0,1,0,0,1
"mTurk",0,1,1,0,0
"mTurk",0,1,0,0,0
"mTurk",0,1,0,1,0
"mTurk",0,0,0,0,0
"mTurk",0,0,0,1,0
"mTurk",0,1,0,0,0
"mTurk",0,0,0,0,0
"mTurk",0,1,0,0,0
"mTurk",0,0,1,0,0
"mTurk",0,0,1,0,0
"mTurk",1,1,1,1,1
"mTurk",0,1,0,0,0
"mTurk",1,1,1,1,1
"mTurk",0,1,0,0,1
"mTurk",0,1,1,1,0
"mTurk",0,0,0,0,1
"mTurk",0,0,0,0,0
"mTurk",0,0,1,0,1
"mTurk",0,1,0,0,0
"mTurk",0,1,0,1,0
"mTurk",0,1,0,0,0
"mTurk",0,1,0,1,0
"mTurk",0,0,1,1,1
"mTurk",1,1,1,0,0
"mTurk",0,1,0,0,1
"mTurk",1,1,1,1,0
"mTurk",0,0,1,0,0
"mTurk",0,0,0,0,0
"mTurk",0,0,1,1,1
"mTurk",0,0,0,0,0
"mTurk",0,0,0,0,1
"mTurk",0,0,1,1,0
"mTurk",1,1,1,1,0
"mTurk",1,1,1,0,0
"mTurk",0,1,1,1,0
"mTurk",0,0,1,0,1
"mTurk",0,0,1,0,1
"mTurk",0,0,1,0,0
"mTurk",0,1,1,1,0
"mTurk",0,0,0,0,0
"mTurk",0,1,1,1,0
"mTurk",0,0,0,0,0
"mTurk",0,1,0,0,0
"mTurk",0,0,0,0,1
"mTurk",0,1,0,1,0
"mTurk",0,1,1,0,0
"mTurk",0,1,0,0,1
"mTurk",1,0,1,1,1
"mTurk",0,1,1,0,0
"mTurk",0,1,0,0,1
"mTurk",0,0,0,0,0
"mTurk",0,1,0,0,0
"mTurk",1,1,1,1,1
"mTurk",1,1,1,1,1
"mTurk",0,1,1,0,0
"mTurk",1,1,1,1,1
"mTurk",1,1,1,1,1
"mTurk",0,0,0,0,0
"mTurk",0,1,1,0,1
"mTurk",1,1,0,1,0
"mTurk",1,1,1,1,1
"mTurk",1,1,1,0,1
"mTurk",1,1,1,1,1
"mTurk",0,1,1,1,1
"mTurk",0,1,0,0,1
"mTurk",0,0,0,0,0
"mTurk",0,1,1,0,0
"mTurk",0,1,0,0,0
"mTurk",1,1,1,1,1
"mTurk",0,0,1,0,0
"mTurk",0,0,0,0,0
"mTurk",1,1,1,1,1
"mTurk",0,1,0,1,0
"mTurk",0,1,0,0,1
"mTurk",0,1,1,0,1
"mTurk",0,1,1,1,1
"mTurk",1,0,0,0,0
"mTurk",0,1,1,0,0
"mTurk",0,0,0,0,0
"mTurk",0,1,0,0,0
"mTurk",0,0,1,0,0
"mTurk",0,1,1,0,0
"mTurk",1,1,1,1,1
"mTurk",0,0,1,1,0
"mTurk",1,1,1,1,1
"mTurk",0,0,1,0,0
"mTurk",0,0,1,0,1
"mTurk",0,0,0,0,0
"mTurk",1,1,1,1,1
"mTurk",0,0,1,0,0
"mTurk",0,1,1,0,1
"mTurk",0,0,0,0,0
"mTurk",1,1,1,1,1
"mTurk",0,1,1,0,0
"mTurk",0,1,0,1,0
"mTurk",0,0,0,0,0
"mTurk",1,1,1,1,1
"mTurk",0,0,1,1,1
"mTurk",0,1,1,1,0
"mTurk",1,1,1,1,1
"mTurk",1,1,1,0,1
"mTurk",0,0,0,0,0
"mTurk",0,0,1,0,0
"mTurk",1,1,1,0,0
"mTurk",1,1,1,1,0
"mTurk",0,1,0,1,0
"mTurk",1,0,1,1,0
"mTurk",0,0,0,0,1
"mTurk",1,1,1,0,0
"mTurk",0,0,1,1,0
"mTurk",0,1,1,1,1
"mTurk",1,1,1,1,1
"mTurk",1,1,1,1,1
"mTurk",0,0,0,1,1
"mTurk",1,1,1,1,0
"mTurk",0,0,0,0,0
"mTurk",0,0,0,0,1
"mTurk",0,0,1,0,1
"mTurk",0,0,1,0,0
"mTurk",0,0,0,0,0
"mTurk",0,0,0,0,0
"mTurk",0,1,1,0,0
"mTurk",1,1,1,1,1
"mTurk",0,0,1,0,0
"mTurk",0,1,1,1,0
"mTurk",0,1,0,1,0
"mTurk",0,1,0,0,1
"mTurk",0,1,1,0,1
"mTurk",0,1,0,0,1
"mTurk",0,1,0,0,0
"mTurk",0,0,0,0,0
"mTurk",0,1,0,1,0
"mTurk",0,1,0,0,0
"mTurk",1,1,1,1,1
"mTurk",0,0,0,0,0
"mTurk",0,0,0,0,0
"mTurk",0,0,0,0,0
"mTurk",1,0,1,0,1
"mTurk",0,1,0,0,1
"mTurk",0,1,0,0,0
"mTurk",0,0,1,1,1
"mTurk",0,1,1,0,0
"mTurk",0,1,0,0,1
"mTurk",0,1,0,1,1
"mTurk",0,1,1,1,1
"mTurk",0,0,0,0,0
"mTurk",0,1,0,0,0
"mTurk",1,1,1,1,1
"mTurk",0,1,0,0,1
"mTurk",0,1,0,0,1
"mTurk",0,1,0,0,0
"mTurk",1,1,1,1,1
"mTurk",0,1,0,0,0
"mTurk",0,0,1,0,0
"mTurk",0,0,1,0,1
"mTurk",0,1,0,0,0
"mTurk",0,0,1,0,1
"mTurk",1,1,1,1,1
"mTurk",0,0,0,0,1
"mTurk",1,1,1,0,1
"mTurk",0,0,1,0,0
"mTurk",0,0,1,0,0
"mTurk",1,0,1,0,1
"mTurk",1,1,1,1,1
"mTurk",1,1,1,1,0
"mTurk",0,1,0,1,0
"mTurk",0,0,0,0,0
"mTurk",1,1,1,1,0
"mTurk",0,1,0,0,0
"mTurk",0,0,0,0,0
"mTurk",0,1,0,1,0
"mTurk",1,1,1,0,1
"NovaSoutheasternUniversity",0,1,1,1,0
"NovaSoutheasternUniversity",0,1,1,0,0
"NovaSoutheasternUniversity",0,0,1,1,0
"NovaSoutheasternUniversity",0,1,0,1,1
"NovaSoutheasternUniversity",1,1,1,0,1
"NovaSoutheasternUniversity",1,0,0,0,1
"NovaSoutheasternUniversity",1,0,1,1,1
"NovaSoutheasternUniversity",1,1,1,1,1
"NovaSoutheasternUniversity",0,1,0,0,0
"NovaSoutheasternUniversity",1,1,1,0,1
"NovaSoutheasternUniversity",0,1,1,0,1
"NovaSoutheasternUniversity",1,1,0,0,1
"NovaSoutheasternUniversity",0,1,1,0,0
"NovaSoutheasternUniversity",1,0,0,0,0
"NovaSoutheasternUniversity",1,0,0,0,1
"NovaSoutheasternUniversity",0,0,1,1,1
"NovaSoutheasternUniversity",0,0,1,0,0
"NovaSoutheasternUniversity",1,0,1,0,1
"NovaSoutheasternUniversity",0,1,1,1,0
"NovaSoutheasternUniversity",1,1,1,1,1
"NovaSoutheasternUniversity",0,0,1,1,1
"NovaSoutheasternUniversity",1,0,0,1,1
"NovaSoutheasternUniversity",0,1,0,0,1
"NovaSoutheasternUniversity",0,1,0,0,0
"NovaSoutheasternUniversity",1,1,0,0,0
"NovaSoutheasternUniversity",0,0,1,0,1
"NovaSoutheasternUniversity",1,1,1,1,1
"NovaSoutheasternUniversity",1,0,1,0,1
"NovaSoutheasternUniversity",1,1,1,1,1
"NovaSoutheasternUniversity",1,1,1,1,1
"NovaSoutheasternUniversity",0,0,1,0,1
"NovaSoutheasternUniversity",1,0,1,1,1
"NovaSoutheasternUniversity",1,1,1,1,1
"NovaSoutheasternUniversity",0,0,0,1,0
"NovaSoutheasternUniversity",1,0,1,0,1
"NovaSoutheasternUniversity",1,1,1,1,1
"NovaSoutheasternUniversity",0,0,0,0,1
"NovaSoutheasternUniversity",1,1,0,0,1
"NovaSoutheasternUniversity",0,1,1,1,1
"NovaSoutheasternUniversity",0,1,1,0,0
"NovaSoutheasternUniversity",1,1,1,1,1
"NovaSoutheasternUniversity",1,1,1,0,0
"NovaSoutheasternUniversity",1,0,0,0,1
"NovaSoutheasternUniversity",0,0,1,0,1
"NovaSoutheasternUniversity",0,0,1,1,0
"NovaSoutheasternUniversity",0,1,1,0,1
"NovaSoutheasternUniversity",1,1,1,0,0
"NovaSoutheasternUniversity",1,1,1,1,1
"NovaSoutheasternUniversity",0,1,0,0,1
"NovaSoutheasternUniversity",0,0,0,0,1
"NovaSoutheasternUniversity",1,1,1,1,1
"NovaSoutheasternUniversity",0,1,0,1,1
"NovaSoutheasternUniversity",0,1,0,1,1
"NovaSoutheasternUniversity",0,1,1,1,1
"NovaSoutheasternUniversity",1,1,1,1,0
"NovaSoutheasternUniversity",0,1,1,1,0
"NovaSoutheasternUniversity",0,1,1,0,1
"NovaSoutheasternUniversity",0,1,0,1,1
"OSUNewark",0,0,0,1,0
"OSUNewark",1,1,1,1,0
"OSUNewark",1,0,1,0,1
"OSUNewark",1,1,1,1,1
"OSUNewark",1,1,1,0,1
"OSUNewark",0,1,0,0,0
"OSUNewark",0,0,0,0,0
"OSUNewark",1,1,1,1,1
"OSUNewark",1,1,1,1,1
"OSUNewark",1,1,0,1,1
"OSUNewark",1,1,1,1,1
"OSUNewark",0,0,1,1,1
"OSUNewark",0,1,1,0,0
"OSUNewark",1,1,0,1,1
"OSUNewark",0,0,0,0,1
"OSUNewark",0,0,0,0,0
"OSUNewark",1,1,1,1,1
"OSUNewark",1,0,1,1,1
"OSUNewark",1,0,1,0,0
"OSUNewark",1,1,1,1,1
"OSUNewark",0,1,1,0,1
"OSUNewark",0,0,1,1,1
"OSUNewark",1,1,1,1,1
"OSUNewark",0,1,0,0,0
"OSUNewark",1,1,1,0,1
"OSUNewark",0,1,1,0,0
"OSUNewark",0,0,1,0,0
"OSUNewark",1,1,1,1,1
"OSUNewark",1,1,1,0,1
"OSUNewark",0,0,0,0,1
"OSUNewark",1,1,1,0,1
"OSUNewark",0,1,0,0,0
"OSUNewark",1,1,1,1,0
"OSUNewark",0,0,0,0,0
"OSUNewark",1,1,1,1,1
"OSUNewark",1,1,1,1,1
"OSUNewark",0,1,1,0,0
"OSUNewark",1,1,1,0,0
"OSUNewark",0,1,0,1,1
"OSUNewark",1,1,1,1,1
"OSUNewark",0,1,1,0,0
"OSUNewark",0,0,1,0,1
"OSUNewark",0,1,0,1,1
"OSUNewark",1,1,0,0,1
"OSUNewark",1,1,1,1,1
"OSUNewark",1,1,1,1,1
"OSUNewark",1,1,0,0,0
"OSUNewark",1,1,1,1,1
"OSUNewark",0,0,1,0,1
"OSUNewark",1,1,1,0,0
"OSUNewark",0,0,0,0,0
"OSUNewark",0,1,1,0,0
"OSUNewark",1,1,1,1,1
"OSUNewark",0,1,0,0,0
"OSUNewark",0,0,1,1,1
"OSUNewark",0,0,0,0,0
"OSUNewark",0,0,0,0,0
"OSUNewark",0,1,1,1,1
"OSUNewark",1,1,0,0,1
"OSUNewark",1,1,1,1,1
"OSUNewark",0,1,1,1,1
"OSUNewark",0,1,0,0,1
"OSUNewark",0,1,0,0,0
"OSUNewark",1,1,1,1,1
"OSUNewark",1,0,0,0,1
"OSUNewark",0,0,1,0,1
"OSUNewark",0,0,0,0,0
"OSUNewark",0,1,0,0,0
"OSUNewark",0,0,0,0,0
"OSUNewark",0,1,0,1,1
"OSUNewark",0,1,1,0,0
"OSUNewark",1,1,1,0,1
"OSUNewark",1,1,1,1,1
"OSUNewark",1,1,1,1,1
"OSUNewark",0,1,1,0,0
"OSUNewark",0,0,1,0,0
"OSUNewark",1,1,1,1,1
"OSUNewark",1,1,1,1,1
"OSUNewark",0,1,1,1,1
"OSUNewark",1,1,1,1,1
"OSUNewark",0,0,0,0,0
"OSUNewark",0,0,0,0,0
"OSUNewark",1,1,1,1,1
"OSUNewark",0,1,1,0,1
"OSUNewark",1,1,0,0,0
"OSUNewark",1,0,1,0,0
"PacificLutheranUniversity",0,0,0,0,0
"PacificLutheranUniversity",1,1,1,1,1
"PacificLutheranUniversity",0,1,1,0,1
"PacificLutheranUniversity",1,1,1,1,1
"PacificLutheranUniversity",0,1,1,0,0
"PacificLutheranUniversity",1,0,1,0,0
"PacificLutheranUniversity",1,1,0,1,1
"PacificLutheranUniversity",1,1,1,0,0
"PacificLutheranUniversity",0,1,1,0,0
"PacificLutheranUniversity",0,1,1,1,1
"PacificLutheranUniversity",1,1,1,0,1
"PacificLutheranUniversity",0,0,0,0,0
"PacificLutheranUniversity",0,0,1,0,1
"PacificLutheranUniversity",0,0,1,0,0
"PacificLutheranUniversity",1,1,1,1,1
"PacificLutheranUniversity",0,1,1,1,1
"PacificLutheranUniversity",0,0,0,0,1
"PacificLutheranUniversity",1,1,1,0,0
"PacificLutheranUniversity",1,1,0,1,0
"PacificLutheranUniversity",1,1,1,0,0
"PacificLutheranUniversity",0,0,0,0,1
"PacificLutheranUniversity",1,1,1,1,1
"PacificLutheranUniversity",1,1,1,0,1
"PacificLutheranUniversity",1,0,1,0,0
"PacificLutheranUniversity",0,1,0,0,0
"PacificLutheranUniversity",1,0,1,0,0
"PacificLutheranUniversity",0,1,0,1,1
"PacificLutheranUniversity",1,1,0,1,1
"PacificLutheranUniversity",0,1,1,1,1
"PacificLutheranUniversity",0,1,1,0,0
"PacificLutheranUniversity",1,1,1,0,0
"PacificLutheranUniversity",0,1,0,0,0
"PacificLutheranUniversity",0,1,1,0,0
"PacificLutheranUniversity",0,1,0,0,0
"PacificLutheranUniversity",0,1,1,0,1
"PacificLutheranUniversity",0,1,0,0,0
"PacificLutheranUniversity",0,1,0,0,1
"PacificLutheranUniversity",0,1,1,1,1
"PacificLutheranUniversity",0,0,0,0,0
"PacificLutheranUniversity",0,0,0,0,0
"PacificLutheranUniversity",1,1,1,0,1
"PacificLutheranUniversity",0,0,0,0,0
"PacificLutheranUniversity",0,0,0,1,0
"PacificLutheranUniversity",0,1,0,0,1
"PacificLutheranUniversity",0,1,1,1,1
"PacificLutheranUniversity",0,0,0,0,0
"PacificLutheranUniversity",0,1,1,0,0
"PacificLutheranUniversity",0,1,0,1,0
"PacificLutheranUniversity",1,0,0,1,0
"PennStateAbington",1,1,1,1,1
"PennStateAbington",0,1,0,0,0
"PennStateAbington",0,1,1,0,0
"PennStateAbington",0,1,1,0,0
"PennStateAbington",1,1,1,1,0
"PennStateAbington",1,1,1,1,1
"PennStateAbington",0,1,1,0,1
"PennStateAbington",1,1,1,0,1
"PennStateAbington",0,1,1,1,1
"PennStateAbington",1,1,1,1,1
"PennStateAbington",0,0,0,1,0
"PennStateAbington",0,1,0,1,0
"PennStateAbington",1,0,0,1,1
"PennStateAbington",0,1,0,0,1
"PennStateAbington",1,1,1,1,1
"PennStateAbington",1,1,1,0,1
"PennStateAbington",0,0,1,0,1
"PennStateAbington",1,0,1,1,1
"PennStateAbington",1,1,1,1,1
"PennStateAbington",1,0,1,1,1
"PennStateAbington",1,1,1,1,1
"PennStateAbington",0,0,0,0,1
"PennStateAbington",0,1,0,0,1
"PennStateAbington",1,1,1,1,1
"PennStateAbington",1,1,0,0,0
"PennStateAbington",1,0,0,1,1
"PennStateAbington",1,1,1,1,1
"PennStateAbington",1,0,1,0,1
"PennStateAbington",1,1,1,0,1
"PennStateAbington",1,1,1,0,0
"PennStateAbington",1,1,1,1,1
"PennStateAbington",1,1,1,1,1
"PennStateAbington",1,1,0,1,1
"PennStateAbington",1,0,1,1,1
"PennStateAbington",0,1,0,0,0
"PennStateAbington",1,1,1,1,1
"PennStateAbington",1,0,1,1,1
"PennStateAbington",1,1,1,1,1
"PennStateAbington",0,1,1,1,1
"PennStateAbington",0,1,1,0,0
"PennStateAbington",1,0,0,1,0
"PennStateAbington",1,1,0,0,1
"PennStateAbington",0,0,0,0,0
"PennStateAbington",1,1,1,1,1
"PennStateAbington",1,1,1,1,1
"PennStateAbington",0,0,0,0,1
"PennStateAbington",1,1,1,0,0
"PennStateAbington",1,1,1,1,1
"PennStateAbington",1,1,1,0,1
"PennStateAbington",0,1,1,0,1
"PennStateAbington",1,1,1,1,1
"PennStateAbington",0,1,0,1,1
"PennStateAbington",1,1,1,0,1
"PennStateAbington",1,1,1,0,1
"PennStateAbington",0,1,1,1,0
"PennStateAbington",1,1,1,1,1
"PennStateAbington",0,1,0,1,1
"PennStateAbington",1,0,1,1,1
"PennStateAbington",0,1,0,0,0
"PennStateAbington",1,1,1,0,1
"PennStateAbington",0,0,1,0,1
"PennStateAbington",1,1,1,0,0
"PennStateAbington",0,0,0,0,0
"PennStateAbington",0,1,0,0,0
"PennStateAbington",1,1,1,0,1
"PennStateAbington",0,0,0,1,1
"PennStateAbington",0,1,1,0,0
"SanDiegoStateUniversity",1,0,0,1,0
"SanDiegoStateUniversity",0,1,1,0,0
"SanDiegoStateUniversity",1,1,1,0,1
"SanDiegoStateUniversity",0,0,0,0,0
"SanDiegoStateUniversity",1,1,1,0,0
"SanDiegoStateUniversity",0,1,1,0,1
"SanDiegoStateUniversity",0,1,0,0,0
"SanDiegoStateUniversity",1,1,1,0,1
"SanDiegoStateUniversity",1,1,1,1,0
"SanDiegoStateUniversity",0,0,1,0,1
"SanDiegoStateUniversity",0,0,0,0,1
"SanDiegoStateUniversity",1,1,0,0,0
"SanDiegoStateUniversity",1,1,1,0,1
"SanDiegoStateUniversity",0,1,0,1,0
"SanDiegoStateUniversity",1,1,1,1,1
"SanDiegoStateUniversity",1,1,1,1,1
"SanDiegoStateUniversity",1,1,1,1,0
"SanDiegoStateUniversity",0,1,0,0,1
"SanDiegoStateUniversity",0,1,1,1,1
"SanDiegoStateUniversity",0,1,1,1,0
"SanDiegoStateUniversity",0,1,0,0,1
"SanDiegoStateUniversity",1,1,1,1,1
"SanDiegoStateUniversity",0,1,1,0,1
"SanDiegoStateUniversity",0,0,1,1,1
"SanDiegoStateUniversity",0,0,0,0,0
"SanDiegoStateUniversity",1,1,1,0,0
"SanDiegoStateUniversity",1,1,1,1,1
"SanDiegoStateUniversity",0,0,1,0,0
"SanDiegoStateUniversity",1,1,1,1,0
"SanDiegoStateUniversity",1,1,0,0,1
"SanDiegoStateUniversity",1,1,1,1,0
"SanDiegoStateUniversity",0,1,1,0,0
"SanDiegoStateUniversity",0,0,0,0,1
"SanDiegoStateUniversity",0,0,0,0,0
"SanDiegoStateUniversity",0,0,0,0,0
"SanDiegoStateUniversity",0,1,0,0,0
"SanDiegoStateUniversity",0,1,1,0,1
"SanDiegoStateUniversity",1,1,1,1,1
"SanDiegoStateUniversity",1,1,1,1,1
"SanDiegoStateUniversity",1,1,1,1,1
"SanDiegoStateUniversity",1,1,1,1,1
"SanDiegoStateUniversity",1,1,1,0,0
"SanDiegoStateUniversity",0,1,0,0,1
"SanDiegoStateUniversity",1,1,1,0,1
"SanDiegoStateUniversity",0,1,0,0,1
"SanDiegoStateUniversity",0,0,0,1,0
"SanDiegoStateUniversity",0,1,0,0,0
"SanDiegoStateUniversity",0,1,0,1,1
"SanDiegoStateUniversity",0,1,0,0,1
"SanDiegoStateUniversity",0,1,0,0,1
"SanDiegoStateUniversity",1,1,1,1,1
"SanDiegoStateUniversity",1,1,1,0,0
"SanDiegoStateUniversity",0,0,0,0,1
"SanDiegoStateUniversity",0,0,0,0,0
"SanDiegoStateUniversity",1,0,1,0,1
"SanDiegoStateUniversity",1,1,1,1,1
"SanDiegoStateUniversity",0,1,1,0,0
"SanDiegoStateUniversity",0,1,1,0,0
"SanDiegoStateUniversity",0,0,1,0,1
"SanDiegoStateUniversity",1,1,0,1,1
"SanDiegoStateUniversity",0,0,1,0,0
"SanDiegoStateUniversity",1,1,1,1,1
"SanDiegoStateUniversity",0,1,1,1,1
"SanDiegoStateUniversity",0,1,0,0,0
"SanDiegoStateUniversity",0,1,0,0,0
"SanDiegoStateUniversity",1,1,1,1,1
"TexasAandM",0,1,1,0,0
"TexasAandM",0,1,1,0,1
"TexasAandM",0,0,0,0,1
"TexasAandM",0,0,0,0,0
"TexasAandM",0,0,1,0,0
"TexasAandM",0,1,1,1,1
"TexasAandM",0,0,0,0,0
"TexasAandM",1,1,1,1,1
"TexasAandM",0,1,1,0,1
"TexasAandM",0,0,0,0,1
"TexasAandM",0,0,0,0,0
"TexasAandM",1,1,1,1,1
"TexasAandM",0,1,1,0,1
"TexasAandM",0,0,0,0,0
"TexasAandM",0,0,0,0,0
"TexasAandM",0,1,0,0,1
"TexasAandM",1,1,1,0,0
"TexasAandM",1,0,1,0,1
"TexasAandM",0,1,0,0,0
"TexasAandM",0,1,1,0,1
"TexasAandM",0,1,0,0,0
"TexasAandM",0,0,0,0,0
"TexasAandM",0,0,1,0,0
"TexasAandM",0,1,1,0,0
"TexasAandM",0,1,0,0,0
"TexasAandM",1,0,1,0,1
"TexasAandM",0,1,1,0,0
"TexasAandM",0,1,1,0,0
"TexasAandM",0,0,1,0,0
"TexasAandM",0,0,1,0,1
"TexasAandM",0,1,1,1,1
"TexasAandM",0,1,0,1,0
"TexasAandM",0,1,1,0,0
"TexasAandM",1,1,1,1,1
"TexasAandM",0,1,0,0,1
"TexasAandM",0,0,1,0,0
"TexasAandM",0,1,0,0,0
"TexasAandM",0,1,0,0,1
"TexasAandM",0,1,0,1,1
"TexasAandM",1,1,1,0,1
"TexasAandM",0,1,0,0,0
"TexasAandM",0,0,0,0,1
"TexasAandM",0,1,1,1,1
"TexasAandM",1,1,1,0,0
"TexasAandM",0,1,0,1,0
"TexasAandM",1,0,0,0,1
"TexasAandM",1,1,1,0,0
"TexasAandM",1,1,1,0,1
"TexasAandM",0,1,1,1,1
"TexasAandM",0,1,1,1,1
"TexasAandM",1,0,1,1,1
"TexasAandM",0,1,1,0,1
"TexasAandM",0,1,1,0,0
"TexasAandM",0,0,0,0,0
"TexasAandM",1,1,1,0,1
"TexasAandM",1,1,1,1,1
"TexasAandM",1,1,0,0,0
"TexasAandM",1,1,1,0,0
"TexasAandM",1,1,0,0,1
"TexasAandM",0,0,0,1,0
"TexasAandM",0,1,1,0,0
"TexasAandM",1,1,0,1,0
"TexasAandM",1,0,1,0,1
"TexasAandM",1,1,1,1,1
"TexasAandM",0,1,0,0,0
"TexasAandM",1,1,1,1,1
"TexasAandM",0,0,0,0,1
"TexasAandM",0,0,0,0,0
"TexasAandM",0,1,0,0,0
"TexasAandM",0,0,1,0,0
"TexasAandM",0,0,0,0,1
"TexasAandM",0,0,0,0,1
"TexasAandM",0,0,1,0,1
"TexasAandM",0,0,0,1,1
"TexasAandM",0,0,1,0,0
"TexasAandM",0,1,0,0,0
"TexasAandM",0,1,0,0,0
"TexasAandM",0,0,0,0,0
"TexasAandM",0,1,0,1,0
"TexasAandM",0,0,1,0,0
"TexasAandM",1,1,1,1,1
"TexasAandM",1,0,0,0,1
"TexasAandM",1,1,1,0,1
"TexasAandM",0,1,1,0,1
"TexasAandM",0,0,1,0,1
"TexasAandM",1,1,1,1,0
"TexasAandM",0,1,1,1,0
"TexasAandM",1,1,1,1,1
"TexasAandM",0,0,0,1,1
"TexasAandM",0,1,0,0,1
"UCDavis",0,1,0,0,0
"UCDavis",0,1,0,0,0
"UCDavis",0,1,1,0,0
"UCDavis",1,1,1,0,1
"UCDavis",0,1,1,0,1
"UCDavis",1,1,1,1,0
"UCDavis",0,1,0,0,0
"UCDavis",1,1,1,1,1
"UCDavis",1,1,1,1,0
"UCDavis",0,1,1,1,0
"UCDavis",1,1,1,1,1
"UCDavis",1,1,1,1,1
"UCDavis",0,1,1,0,1
"UCDavis",1,1,1,0,0
"UCDavis",1,0,1,1,1
"UCDavis",1,1,1,1,1
"UCDavis",1,1,1,1,1
"UCDavis",0,1,1,0,0
"UCDavis",1,1,1,1,1
"UCDavis",0,0,0,0,0
"UCDavis",0,1,0,0,0
"UCDavis",1,1,1,1,1
"UCDavis",0,1,0,0,1
"UCDavis",0,0,0,0,0
"UCDavis",1,1,1,0,1
"UCDavis",1,1,1,1,1
"UCDavis",1,1,1,1,1
"UCDavis",0,1,0,0,0
"UCDavis",1,1,1,1,1
"UCDavis",1,1,0,0,0
"UCDavis",1,1,1,1,0
"UCDavis",1,1,1,0,1
"UCDavis",1,1,1,1,1
"UCDavis",1,1,1,0,1
"UCDavis",1,1,1,1,1
"UCDavis",1,1,1,1,1
"UCDavis",0,1,1,0,0
"UCDavis",1,1,1,1,0
"UCDavis",0,1,0,1,0
"UCDavis",1,1,1,0,1
"UCDavis",0,0,0,0,0
"UCDavis",1,0,1,1,1
"UCDavis",1,1,1,1,1
"UCDavis",1,1,1,1,1
"UCDavis",1,1,0,0,0
"UCDavis",1,1,1,1,0
"UCDavis",1,1,1,0,0
"UCDavis",0,1,0,1,0
"UCDavis",0,1,1,0,1
"UCDavis",1,1,1,0,1
"UCDavis",1,1,1,0,1
"UCDavis",0,0,0,1,0
"UCDavis",1,1,1,1,1
"UCDavis",0,1,0,0,0
"UCDavis",1,1,1,1,1
"UCDavis",1,1,1,0,1
"UCDavis",0,1,1,1,1
"UCDavis",1,1,1,1,1
"UCDavis",1,1,1,1,1
"UCDavis",0,0,0,1,0
"UCDavis",0,1,1,1,1
"UCDavis",0,0,1,0,0
"UCDavis",1,1,1,1,0
"UCDavis",0,1,1,0,0
"UCDavis",0,0,0,0,0
"UCRiverside",0,1,0,0,0
"UCRiverside",0,1,1,1,1
"UCRiverside",0,1,1,0,0
"UCRiverside",0,1,1,0,0
"UCRiverside",0,0,1,0,0
"UCRiverside",1,1,1,1,1
"UCRiverside",1,1,1,0,0
"UCRiverside",0,0,1,0,1
"UCRiverside",1,1,1,0,0
"UCRiverside",1,1,1,0,1
"UCRiverside",1,1,0,1,0
"UCRiverside",1,1,1,1,1
"UCRiverside",1,0,1,0,1
"UCRiverside",1,1,1,0,0
"UCRiverside",1,1,1,1,0
"UCRiverside",1,1,1,1,1
"UCRiverside",1,1,1,1,1
"UCRiverside",0,1,1,0,1
"UCRiverside",0,1,0,1,1
"UCRiverside",1,1,1,0,1
"UCRiverside",1,0,1,1,1
"UCRiverside",1,1,1,1,1
"UCRiverside",0,1,1,1,1
"UCRiverside",1,1,0,0,0
"UCRiverside",1,1,1,1,1
"UCRiverside",1,1,1,1,1
"UCRiverside",1,1,1,1,1
"UCRiverside",1,1,1,1,1
"UCRiverside",0,0,0,0,1
"UCRiverside",1,1,1,1,1
"UCRiverside",1,0,0,0,1
"UCRiverside",0,1,1,1,1
"UCRiverside",1,0,1,0,0
"UCRiverside",0,1,1,1,1
"UCRiverside",1,1,1,1,1
"UCRiverside",0,0,1,0,1
"UCRiverside",1,1,1,1,1
"UCRiverside",0,1,1,0,1
"UCRiverside",0,1,0,0,0
"UCRiverside",1,1,1,1,0
"UCRiverside",0,0,1,0,1
"UCRiverside",1,1,1,1,0
"UCRiverside",1,1,1,1,1
"UCRiverside",0,1,1,1,0
"UCRiverside",1,1,1,1,0
"UCRiverside",1,1,1,0,1
"UCRiverside",0,1,0,0,0
"UCRiverside",1,1,1,0,0
"UCRiverside",0,0,1,1,1
"UCRiverside",1,0,1,1,0
"UCRiverside",1,1,0,1,0
"UCRiverside",0,1,0,0,0
"UCRiverside",0,1,0,0,1
"UCRiverside",0,1,0,0,0
"UCRiverside",0,1,0,0,0
"UCRiverside",0,1,1,0,0
"UCRiverside",0,1,1,0,0
"UCRiverside",1,1,1,1,1
"UCRiverside",1,1,1,1,1
"UCRiverside",0,1,0,1,1
"UCRiverside",1,1,1,0,0
"UCRiverside",1,1,1,1,1
"UCRiverside",0,1,1,1,0
"UCRiverside",1,1,1,1,1
"UCRiverside",1,1,1,1,1
"UCRiverside",1,1,1,0,0
"UCRiverside",1,1,1,1,1
"UCRiverside",0,1,1,0,0
"UCRiverside",1,1,1,1,1
"UCRiverside",0,1,1,1,1
"UCRiverside",1,1,1,1,1
"UCRiverside",0,1,1,0,0
"UCRiverside",1,1,1,1,0
"UCRiverside",0,1,1,0,1
"UCRiverside",0,0,1,0,1
"UCRiverside",0,0,1,1,1
"UCRiverside",1,0,1,1,1
"UCRiverside",0,0,1,1,1
"UCRiverside",1,1,1,0,0
"UCRiverside",1,1,1,1,1
"UCRiverside",0,1,1,0,0
"UCRiverside",1,1,1,0,1
"UCRiverside",0,1,1,1,0
"UCRiverside",0,0,1,0,0
"UCRiverside",0,0,0,0,0
"UCRiverside",1,1,1,1,1
"UCRiverside",0,0,1,1,1
"UCRiverside",1,1,1,1,1
"UCRiverside",0,1,1,0,1
"UCRiverside",1,1,0,0,1
"UCRiverside",1,1,1,1,1
"UCRiverside",0,1,1,0,0
"UCRiverside",1,0,0,0,1
"UCRiverside",1,1,1,0,1
"UCRiverside",0,1,0,0,0
"UCRiverside",1,1,1,0,1
"UCRiverside",0,1,0,0,0
"UCRiverside",1,1,1,1,1
"UCRiverside",0,1,1,0,0
"UCRiverside",0,1,1,0,1
"UCRiverside",0,1,1,0,0
"UCRiverside",1,1,0,0,0
"UCRiverside",1,1,1,1,1
"UCRiverside",0,1,0,1,0
"UCRiverside",1,1,1,0,0
"UCRiverside",0,0,0,0,1
"UCRiverside",0,0,1,0,1
"UCRiverside",1,1,1,1,1
"UCRiverside",1,1,1,1,0
"UCRiverside",0,1,0,0,0
"UCRiverside",1,1,1,1,0
"UCRiverside",0,0,0,0,0
"UCRiverside",1,1,1,0,0
"UCRiverside",1,1,1,1,1
"UCRiverside",0,1,1,0,0
"UCRiverside",0,1,1,1,1
"UCRiverside",1,1,1,1,0
"UCRiverside",0,1,0,0,0
"UCRiverside",0,1,1,0,1
"UCRiverside",1,1,1,1,1
"UniversityOfFlorida",0,1,1,1,1
"UniversityOfFlorida",0,0,0,0,0
"UniversityOfFlorida",0,1,1,1,1
"UniversityOfFlorida",1,1,1,0,1
"UniversityOfFlorida",0,0,0,1,1
"UniversityOfFlorida",1,1,1,0,1
"UniversityOfFlorida",0,1,1,1,1
"UniversityOfFlorida",0,1,1,0,0
"UniversityOfFlorida",1,1,1,1,1
"UniversityOfFlorida",1,1,1,0,1
"UniversityOfFlorida",0,1,1,1,1
"UniversityOfFlorida",1,1,1,0,1
"UniversityOfFlorida",0,0,0,0,1
"UniversityOfFlorida",1,1,0,1,1
"UniversityOfFlorida",1,1,1,1,1
"UniversityOfFlorida",1,1,1,0,0
"UniversityOfFlorida",1,1,1,0,1
"UniversityOfFlorida",0,0,0,0,0
"UniversityOfFlorida",0,1,1,1,0
"UniversityOfFlorida",0,0,0,0,0
"UniversityOfFlorida",1,1,1,1,1
"UniversityOfFlorida",0,1,1,0,1
"UniversityOfFlorida",1,1,1,1,1
"UniversityOfFlorida",0,0,1,0,0
"UniversityOfFlorida",1,1,1,1,1
"UniversityOfFlorida",1,1,1,0,0
"UniversityOfFlorida",1,1,0,0,0
"UniversityOfFlorida",1,1,0,0,0
"UniversityOfFlorida",1,1,1,0,1
"UniversityOfFlorida",1,1,1,1,1
"UniversityOfFlorida",1,0,1,0,1
"UniversityOfFlorida",0,0,0,0,0
"UniversityOfFlorida",1,1,1,1,1
"UniversityOfFlorida",0,0,0,0,0
"UniversityOfFlorida",1,1,1,1,1
"UniversityOfFlorida",1,1,0,1,1
"UniversityOfFlorida",0,0,0,0,1
"UniversityOfFlorida",1,1,1,1,1
"UniversityOfFlorida",0,0,0,0,0
"UniversityOfFlorida",1,1,1,1,1
"UniversityOfFlorida",1,1,1,0,0
"UniversityOfFlorida",0,1,1,1,1
"UniversityOfFlorida",1,0,1,1,0
"UniversityOfFlorida",1,1,1,1,1
"UniversityOfFlorida",1,1,1,1,1
"UniversityOfFlorida",0,1,0,0,0
"UniversityOfFlorida",0,1,0,0,0
"UniversityOfFlorida",0,0,0,0,0
"UniversityOfFlorida",0,1,0,1,1
"UniversityOfFlorida",0,0,1,1,1
"UniversityOfFlorida",0,1,1,0,1
"UniversityOfFlorida",1,1,1,1,1
"UniversityOfFlorida",0,0,0,0,0
"UniversityOfFlorida",1,1,1,1,1
"UniversityOfFlorida",1,0,0,1,1
"UniversityOfFlorida",0,0,1,0,0
"UniversityOfFlorida",1,1,1,0,0
"UniversityOfFlorida",0,1,1,0,0
"UniversityOfFlorida",0,0,1,0,1
"UniversityOfFlorida",0,1,0,0,0
"UniversityOfFlorida",1,1,1,1,1
"UniversityOfFlorida",0,0,0,1,0
"UniversityOfFlorida",1,1,1,1,1
"UniversityOfFlorida",1,1,1,1,1
"UniversityOfFlorida",1,1,1,1,1
"UniversityOfFlorida",1,1,1,1,1
"UniversityOfFlorida",0,1,0,1,0
"UniversityOfSouthernMississippi",1,1,0,0,1
"UniversityOfSouthernMississippi",0,0,1,1,1
"UniversityOfSouthernMississippi",1,1,1,1,1
"UniversityOfSouthernMississippi",0,1,0,0,0
"UniversityOfSouthernMississippi",0,1,1,1,1
"UniversityOfSouthernMississippi",0,1,1,1,1
"UniversityOfSouthernMississippi",1,1,1,0,1
"UniversityOfSouthernMississippi",1,1,1,0,0
"UniversityOfSouthernMississippi",0,1,0,0,1
"UniversityOfSouthernMississippi",1,1,1,1,1
"UniversityOfSouthernMississippi",0,0,0,0,0
"UniversityOfSouthernMississippi",1,1,1,1,1
"UniversityOfSouthernMississippi",0,1,0,1,1
"UniversityOfSouthernMississippi",1,1,1,0,0
"UniversityOfSouthernMississippi",1,1,1,0,1
"UniversityOfSouthernMississippi",1,1,1,1,1
"UniversityOfSouthernMississippi",1,1,1,1,1
"UniversityOfSouthernMississippi",0,0,0,0,0
"UniversityOfSouthernMississippi",1,0,1,1,1
"UniversityOfSouthernMississippi",1,1,1,0,1
"UniversityOfSouthernMississippi",1,1,1,0,1
"UniversityOfSouthernMississippi",0,1,1,0,1
"UniversityOfSouthernMississippi",1,1,1,1,1
"UniversityOfSouthernMississippi",0,0,0,0,0
"UniversityOfSouthernMississippi",0,1,0,1,0
"UniversityOfSouthernMississippi",1,1,0,0,1
"UniversityOfSouthernMississippi",1,1,1,1,1
"UniversityOfSouthernMississippi",0,1,0,0,1
"UniversityOfSouthernMississippi",1,1,1,1,1
"UniversityOfSouthernMississippi",1,1,1,1,1
"UniversityOfSouthernMississippi",0,1,0,1,1
"UniversityOfSouthernMississippi",0,1,0,0,0
"UniversityOfSouthernMississippi",1,0,1,0,1
"UniversityOfSouthernMississippi",0,1,0,1,0
"UniversityOfSouthernMississippi",1,0,1,0,1
"UniversityOfSouthernMississippi",1,1,1,1,0
"UniversityOfSouthernMississippi",0,1,1,0,1
"UniversityOfSouthernMississippi",1,1,1,1,1
"UniversityOfSouthernMississippi",1,1,1,1,1
"UniversityOfSouthernMississippi",1,1,1,1,1
"UniversityOfSouthernMississippi",0,1,1,0,0
"UniversityOfSouthernMississippi",1,1,1,1,1
"UniversityOfSouthernMississippi",1,1,1,1,1
"UniversityOfToronto",1,1,1,1,1
"UniversityOfToronto",0,0,1,0,0
"UniversityOfToronto",0,0,1,1,1
"UniversityOfToronto",0,1,0,1,0
"UniversityOfToronto",1,1,1,1,1
"UniversityOfToronto",0,0,0,0,0
"UniversityOfToronto",0,1,0,0,1
"UniversityOfToronto",1,0,1,0,1
"UniversityOfToronto",0,0,0,0,1
"UniversityOfToronto",1,0,1,0,0
"UniversityOfToronto",0,1,0,0,1
"UniversityOfToronto",1,1,1,1,1
"UniversityOfToronto",1,1,1,0,0
"UniversityOfToronto",1,1,1,0,0
"UniversityOfToronto",0,1,1,0,0
"UniversityOfToronto",1,0,1,0,1
"UniversityOfToronto",1,1,1,1,1
"UniversityOfToronto",1,1,1,1,1
"UniversityOfToronto",1,1,1,0,1
"UniversityOfToronto",0,1,0,1,1
"UniversityOfToronto",1,1,1,1,1
"UniversityOfToronto",0,1,0,0,0
"UniversityOfToronto",1,0,1,1,1
"UniversityOfToronto",0,1,1,1,1
"UniversityOfToronto",0,0,0,0,1
"UniversityOfToronto",1,0,1,1,1
"UniversityOfToronto",0,1,1,0,0
"UniversityOfToronto",0,0,0,1,1
"UniversityOfToronto",0,0,1,1,1
"UniversityOfToronto",1,0,1,0,1
"UniversityOfVirginia",1,1,1,1,0
"UniversityOfVirginia",0,1,1,1,1
"UniversityOfVirginia",1,1,1,1,1
"UniversityOfVirginia",0,1,1,1,0
"UniversityOfVirginia",0,1,0,0,0
"UniversityOfVirginia",0,1,1,0,0
"UniversityOfVirginia",0,0,0,0,0
"UniversityOfVirginia",0,1,0,0,0
"UniversityOfVirginia",0,1,0,1,1
"UniversityOfVirginia",0,1,0,0,1
"UniversityOfVirginia",0,0,0,0,0
"UniversityOfVirginia",1,1,1,0,1
"UniversityOfVirginia",0,1,0,0,0
"UniversityOfVirginia",1,1,1,1,1
"UniversityOfVirginia",0,1,1,1,1
"UniversityOfVirginia",0,0,0,0,0
"UniversityOfVirginia",1,1,1,0,1
"UniversityOfVirginia",0,1,0,0,0
"UniversityOfVirginia",1,0,1,0,0
"UniversityOfVirginia",0,1,1,1,0
"UniversityOfVirginia",1,0,1,1,1
"UniversityOfVirginia",0,1,0,1,1
"UniversityOfVirginia",0,1,1,0,0
"UniversityOfVirginia",0,0,0,0,0
"UniversityOfVirginia",1,1,1,0,1
"UniversityOfVirginia",0,0,1,0,0
"UniversityOfVirginia",0,1,1,0,1
"UniversityOfVirginia",1,1,1,1,1
"UniversityOfVirginia",0,1,1,0,0
"UniversityOfVirginia",0,1,1,0,0
"UniversityOfVirginia",1,1,1,0,1
"UniversityOfVirginia",0,1,0,1,0
"UniversityOfVirginia",0,0,1,1,1
"UniversityOfVirginia",1,1,0,1,0
"UniversityOfVirginia",1,0,1,0,0
"UniversityOfVirginia",0,1,0,0,0
"UniversityOfVirginia",0,0,1,0,0
"UniversityOfVirginia",0,0,0,0,0
"UniversityOfVirginia",1,0,1,0,0
"UniversityOfVirginia",0,1,1,1,0
"UniversityOfVirginia",0,0,1,0,1
"UniversityOfVirginia",1,1,1,0,0
"UniversityOfVirginia",0,0,0,0,0
"UniversityOfVirginia",0,0,1,0,1
"UniversityOfVirginia",1,1,1,1,1
"UniversityOfVirginia",0,1,0,1,0
"UniversityOfVirginia",1,0,1,1,1
"UniversityOfVirginia",0,0,0,0,0
"UniversityOfVirginia",0,1,0,0,0
"UniversityOfVirginia",1,1,1,1,1
"UniversityOfVirginia",1,1,1,1,1
"UniversityOfVirginia",0,1,1,0,1
"UniversityOfVirginia",0,1,1,1,1
"UniversityOfVirginia",1,0,1,1,1
"UniversityOfVirginia",0,0,0,0,0
"UniversityOfVirginia",0,1,1,0,1
"UniversityOfVirginia",0,1,1,0,0
"UniversityOfVirginia",1,1,1,1,1
"UniversityOfVirginia",1,0,1,0,1
"UniversityOfVirginia",1,1,0,0,0
"UniversityOfVirginia",1,1,1,0,1
"UniversityOfVirginia",0,1,1,0,0
"UniversityOfVirginia",0,1,0,1,1
"UniversityOfVirginia",1,0,1,1,0
"UniversityOfVirginia",0,0,0,0,0
"UniversityOfVirginia",0,1,1,0,0
"UniversityOfVirginia",0,0,0,0,0
"UniversityOfVirginia",0,1,0,1,0
"UniversityOfVirginia",1,1,1,1,0
"UniversityOfVirginia",1,1,1,1,1
"UniversityOfVirginia",0,1,0,0,0
"UniversityOfVirginia",0,1,0,0,0
"UniversityOfVirginia",0,1,0,0,0
"UniversityOfVirginia",0,1,1,0,0
"UniversityOfVirginia",0,1,0,0,0
"UniversityOfVirginia",0,0,1,0,1
"UniversityOfVirginia",1,1,1,1,1
"UniversityOfVirginia",0,1,0,1,1
"UniversityOfVirginia",0,0,1,0,0
"UniversityOfVirginia",0,1,0,0,0
"UniversityOfVirginia",0,0,0,0,0
"UniversityOfVirginia",1,0,1,0,0
"UniversityOfVirginia",1,1,1,1,1
"UniversityOfVirginia",0,0,0,0,0
"UniversityOfVirginia",0,0,1,0,1
"UniversityOfVirginia",0,1,0,0,0
"UniversityOfVirginia",1,1,1,0,0
"UniversityOfVirginia",0,1,0,0,0
"UniversityOfVirginia",1,0,1,0,1
"UniversityOfVirginia",0,1,1,0,1
"UniversityOfVirginia",1,1,1,0,1
"UniversityOfVirginia",0,1,1,0,0
"UniversityOfVirginia",1,1,1,1,1
"UniversityOfVirginia",0,1,1,1,0
"UniversityOfVirginia",0,0,0,0,0
"UniversityOfVirginia",0,0,0,0,0
"UniversityOfVirginia",0,0,0,0,0
"UniversityOfVirginia",0,0,0,0,1
"UniversityOfVirginia",0,0,0,0,1
"VirginiaCommonwealthUniversity",1,1,1,1,1
"VirginiaCommonwealthUniversity",0,1,1,0,0
"VirginiaCommonwealthUniversity",1,1,1,1,1
"VirginiaCommonwealthUniversity",0,1,1,0,0
"VirginiaCommonwealthUniversity",1,1,1,0,1
"VirginiaCommonwealthUniversity",1,1,1,1,1
"VirginiaCommonwealthUniversity",0,0,1,0,1
"VirginiaCommonwealthUniversity",0,0,1,0,0
"VirginiaCommonwealthUniversity",1,0,1,0,1
"VirginiaCommonwealthUniversity",1,1,1,1,1
"VirginiaCommonwealthUniversity",0,0,1,0,0
"VirginiaCommonwealthUniversity",0,1,1,1,0
"VirginiaCommonwealthUniversity",0,1,1,0,1
"VirginiaCommonwealthUniversity",1,1,1,1,1
"VirginiaCommonwealthUniversity",1,1,1,1,1
"VirginiaCommonwealthUniversity",1,1,1,0,1
"VirginiaCommonwealthUniversity",1,1,1,0,0
"VirginiaCommonwealthUniversity",0,1,0,0,0
"VirginiaCommonwealthUniversity",0,0,0,1,1
"VirginiaCommonwealthUniversity",0,1,1,0,1
"VirginiaCommonwealthUniversity",0,1,0,0,1
"VirginiaCommonwealthUniversity",1,1,1,1,0
"VirginiaCommonwealthUniversity",0,1,1,1,1
"VirginiaCommonwealthUniversity",1,1,1,1,1
"VirginiaCommonwealthUniversity",1,1,1,0,0
"VirginiaCommonwealthUniversity",0,1,1,0,0
"VirginiaCommonwealthUniversity",0,1,0,1,1
"VirginiaCommonwealthUniversity",0,0,1,1,0
"VirginiaCommonwealthUniversity",0,0,0,0,0
"VirginiaCommonwealthUniversity",0,1,0,1,1
"VirginiaCommonwealthUniversity",0,0,0,0,0
"VirginiaCommonwealthUniversity",0,1,0,1,0
"VirginiaCommonwealthUniversity",1,1,0,1,0
"VirginiaCommonwealthUniversity",1,1,1,1,1
"VirginiaCommonwealthUniversity",0,1,1,0,1
"VirginiaCommonwealthUniversity",1,1,1,1,0
"VirginiaCommonwealthUniversity",0,0,1,0,0
"VirginiaCommonwealthUniversity",0,0,1,0,0
"VirginiaCommonwealthUniversity",1,1,1,1,0
"VirginiaCommonwealthUniversity",0,1,1,0,0
"VirginiaCommonwealthUniversity",0,0,0,0,0
"VirginiaCommonwealthUniversity",0,1,0,1,0
"VirginiaCommonwealthUniversity",0,1,1,0,0
"VirginiaCommonwealthUniversity",1,1,1,1,1
"VirginiaCommonwealthUniversity",0,1,1,1,1
"VirginiaCommonwealthUniversity",1,1,1,0,1
"VirginiaCommonwealthUniversity",0,1,0,0,1
"VirginiaCommonwealthUniversity",0,1,1,1,0
