"StartDate","EndDate","Status","IPAddress","Progress","Duration..in.seconds.","Finished","RecordedDate","ResponseId","RecipientLastName","RecipientFirstName","RecipientEmail","ExternalReference","LocationLatitude","LocationLongitude","DistributionChannel","UserLanguage","Many_labs_version","research_type","research_title","variable_order","Op1","Op2","Op5","Sel1","Sel3","Sel_psych_evidence","Sel_psych_evidence_4_TEXT","Quant1","Quant2","Quant3","Mod_check","Mod1","Mod2","Mod3","Mod4","Mod5","Mod6"
"Start Date","End Date","Response Type","IP Address","Progress","Duration (in seconds)","Finished","Recorded Date","Response ID","Recipient Last Name","Recipient First Name","Recipient Email","External Data Reference","Location Latitude","Location Longitude","Distribution Channel","User Language","To which Many Labs version does this study/replication belong to?","Is the coded measurement from a pre-registered replication protocol or an original paper?","Write down the title of the original research.","Write down in order of appearance in the methods section, what order this measure was described in within the research protocol/paper.","The specific version of the measure (short/long, language) is described. Include the general description of the replication protocols as a description of language (if its a single item measure and that measure is sufficiently described, code this as true).","The administration format (pen-and-paper/computer) and enivronment (in public/in a lab) are described (Note: descriptions are only necessary if they appear relevant to the construct, and they may be general such as in a lab or both lab and online where used).","Example items are presented within the text or in an appendix (note: online appendices are also counted for this question).","The source of the scale is provided (in case the scale was newly developed, if no other source was provided we can assume that it was made for this study)","Description or reference to psychometric evidence for the validity of the scale beyond standard reliability measures (for instance, results from a factor analysis or IRT model). Or if no additional evidence is available this is clearly stated (note: a lack of validity evidence does not count here, a clear statement must be made by the authors specifically indicating the lack of validity evidence).","What kind of analysis was reported to provide psychometric evidence? - Selected Choice","What kind of analysis was reported to provide psychometric evidence? - Other, namely: - Text","The number of items are described.","The number of response options are described.","Any recoded responses (for example reverse coding) are described.","Was the measurement modified for this research (if no known differences are stated then code as false)?","Any format changes are mentioned (paper-and-pencil  computer), if no changes were made to the format, and this was mentioned then code as No modification. If it is not clear, then code as False (keep general protocol mention in mind here, even if it is not clear for each individual study, a general description will still count).","Validity evidence for the newly formated measure, or reasoning for why the format should not impact validity is presented. If the formatting did not change, then code as No modification. If it was not clear whether or not the formatting had changed or it seems unlikely to affect the results, then code as Not apllicable.","The language in which the measure was conducted is mentioned and if this deviated from the original this is mentioned. If there was no change in language code as No modification. If it is not clear, then code as False (keep general protocol mention in mind here, even if it is not clear for each individual study, a general description will still count).","Validity evidence for the translated measure, or reasoning for why the translation should not impact validity is presented. If no changes to formatting were made, then code as No modification. If it was not clear whether or not the scale was translated or it seems unlikely to affect the results, then code as Not apllicable.","If number of items and/or response options deviated from the original, this is mentioned. In case of no deviations, respond as No modification. If it is not clear, then code as False (keep general protocol mention in mind here, even if it is not clear for each individual study, a general description will still count).","Validity evidence is given for the change number of items/response options (such as weak factor loading, more variance in response options improved statistical properties), or reasoning for why the change was necessary. If the number of items and response options remained the same, then code as No modification. If it was not clear whether or not number of items/response options were modified or it seems unlikely to affect the results, then code as Not applicable."
"{""ImportId"":""startDate"",""timeZone"":""America/Denver""}","{""ImportId"":""endDate"",""timeZone"":""America/Denver""}","{""ImportId"":""status""}","{""ImportId"":""ipAddress""}","{""ImportId"":""progress""}","{""ImportId"":""duration""}","{""ImportId"":""finished""}","{""ImportId"":""recordedDate"",""timeZone"":""America/Denver""}","{""ImportId"":""_recordId""}","{""ImportId"":""recipientLastName""}","{""ImportId"":""recipientFirstName""}","{""ImportId"":""recipientEmail""}","{""ImportId"":""externalDataReference""}","{""ImportId"":""locationLatitude""}","{""ImportId"":""locationLongitude""}","{""ImportId"":""distributionChannel""}","{""ImportId"":""userLanguage""}","{""ImportId"":""QID64""}","{""ImportId"":""QID1""}","{""ImportId"":""QID2_TEXT""}","{""ImportId"":""QID5_TEXT""}","{""ImportId"":""QID29""}","{""ImportId"":""QID42""}","{""ImportId"":""QID59""}","{""ImportId"":""QID44""}","{""ImportId"":""QID46""}","{""ImportId"":""QID40""}","{""ImportId"":""QID40_4_TEXT""}","{""ImportId"":""QID48""}","{""ImportId"":""QID49""}","{""ImportId"":""QID50""}","{""ImportId"":""QID20""}","{""ImportId"":""QID52""}","{""ImportId"":""QID53""}","{""ImportId"":""QID54""}","{""ImportId"":""QID55""}","{""ImportId"":""QID56""}","{""ImportId"":""QID57""}"
"2023-04-23 06:49:51","2023-04-23 06:55:09","Survey Preview","","100","317","True","2023-04-23 06:55:10","R_1RJS9NkIvIaUbC1","","","","","51.5145","4.4331","preview","EN","1","Replication","Sunk costs (Oppenheimer et al., 2009)","1","True","True","True","True","Not applicable","Not Apllicable (only report this if psychometric evidence would not be possible for this measure, otherwise report as None)","","True","True","Not applicable","True","True","","True","","No modification","No modification"
"2023-04-23 06:55:17","2023-04-23 06:57:42","Survey Preview","","100","144","True","2023-04-23 06:57:43","R_UfpjG68srrTXuRX","","","","","51.5145","4.4331","preview","EN","1","Replication","2	Gain versus loss framing for combating disease (Tversky & Kahneman, 1981)","1","True","True","True","True","Not applicable","Not Apllicable (only report this if psychometric evidence would not be possible for this measure, otherwise report as None)","","True","True","Not applicable","True","True","","True","","No modification","No modification"
"2023-04-23 06:58:26","2023-04-23 07:00:37","Survey Preview","","100","130","True","2023-04-23 07:00:38","R_ZEK3Z4MFSgCwD6h","","","","","51.5145","4.4331","preview","EN","1","Replication","Anchoring (Jacowitz & Kahneman, 1995)","1","True","True","True","True","False","None","","True","True","Not applicable","True","True","","True","","True","False"
"2023-04-23 07:01:27","2023-04-23 07:05:28","Survey Preview","","100","240","True","2023-04-23 07:05:29","R_1OiNx1myTnt4V5q","","","","","51.5145","4.4331","preview","EN","1","Replication","Retrospective gambler’s fallacy (Oppenheimer & Monin, 2009)","1","True","True","True","True","Not applicable","Not Apllicable (only report this if psychometric evidence would not be possible for this measure, otherwise report as None)","","True","True","Not applicable","True","True","","True","","True","False"
"2023-04-23 07:05:50","2023-04-23 07:09:09","Survey Preview","","100","199","True","2023-04-23 07:09:10","R_3e4VVXwYmSIQsUK","","","","","51.5145","4.4331","preview","EN","1","Replication","Low-vs.-high category scales (Schwarz et al., 1985)","1","True","True","True","True","Not applicable","Not Apllicable (only report this if psychometric evidence would not be possible for this measure, otherwise report as None)","","True","True","Not applicable","True","True","","True","","No modification","No modification"
"2023-04-23 07:20:27","2023-04-23 07:23:20","Survey Preview","","100","172","True","2023-04-23 07:23:21","R_A6EwHZ2V2R9K6sx","","","","","51.5145","4.4331","preview","EN","1","Replication","Norm of reciprocity (Hyman and Sheatsley, 1950).","1","True","True","False","True","Not applicable","Not Apllicable (only report this if psychometric evidence would not be possible for this measure, otherwise report as None)","","True","True","Not applicable","True","True","","True","False","No modification","No modification"
"2023-04-23 07:23:28","2023-04-23 07:25:39","Survey Preview","","100","130","True","2023-04-23 07:25:41","R_1gSXRqgCuf8rLxB","","","","","51.5145","4.4331","preview","EN","1","Replication","Allowed/Forbidden (Rugg, 1941)","1","True","True","True","True","Not applicable","Not Apllicable (only report this if psychometric evidence would not be possible for this measure, otherwise report as None)","","True","True","Not applicable","True","True","","True","True","No modification","No modification"
"2023-04-23 07:25:46","2023-04-23 07:29:06","Survey Preview","","100","199","True","2023-04-23 07:29:07","R_1LzXlJjgTlf5oqv","","","","","51.5145","4.4331","preview","EN","1","Replication","8	Quote Attribution (Lorge & Curtis, 1936)","1","True","True","True","True","Not applicable","Not Apllicable (only report this if psychometric evidence would not be possible for this measure, otherwise report as None)","","True","True","Not applicable","True","True","","True","","True","False"
"2023-04-23 07:29:25","2023-04-23 07:33:35","Survey Preview","","100","250","True","2023-04-23 07:33:37","R_3VDGDEAfvhJgzTP","","","","","51.5145","4.4331","preview","EN","2","Replication","Flag Priming (Carter et al., 2011; Study 2).","1","True","True","False","True","Not applicable","Not Apllicable (only report this if psychometric evidence would not be possible for this measure, otherwise report as None)","","True","True","Not applicable","True","No modification","No modification","True","","No modification","No modification"
"2023-04-23 07:33:47","2023-04-23 07:36:16","Survey Preview","","100","149","True","2023-04-23 07:36:18","R_1LjoMNIuhgVLN2I","","","","","51.5145","4.4331","preview","EN","1","Replication","10	Currency priming and system justification (Caruso et al., 2012)","1","True","True","True","True","False","None","","True","True","True","True","No modification","No modification","True","True","No modification","No modification"
"2023-04-23 07:36:57","2023-04-23 07:38:21","Survey Preview","","100","84","True","2023-04-23 07:38:23","R_ZkMRmcV2G4Tl9PX","","","","","51.5145","4.4331","preview","EN","1","Replication","Imagined contact (Husnu & Crisp, 2010, Study 1). ","1","True","True","True","True","False","None","","True","True","True","True","True","","True","True","No modification","No modification"
"2023-04-23 07:38:38","2023-04-23 07:41:28","Survey Preview","","100","169","True","2023-04-23 07:41:29","R_2fj0knT7Mone6Zj","","","","","51.5145","4.4331","preview","EN","1","Replication","Sex differences in implicit math attitudes and relations with self-reported attitudes (Nosek, Banaji, & Greenwald, 2002","1","True","True","False","True","False","None","","False","Not applicable","Not applicable","True","No modification","No modification","No modification","No modification","True","True"
"2023-04-23 07:41:39","2023-04-23 07:43:01","Survey Preview","","100","82","True","2023-04-23 07:43:03","R_277myhpWBcfXjiX","","","","","51.5145","4.4331","preview","EN","1","Replication","12	Sex differences in implicit math attitudes and relations with self-reported attitudes (Nosek, Banaji, & Greenwald, 2002)","2","True","True","True","True","True","Other, namely:","convergent validity","True","True","Not applicable","False","","","","","",""
"2023-04-23 07:43:07","2023-04-23 07:44:06","Survey Preview","","100","59","True","2023-04-23 07:44:07","R_1Lezcd0ra6T8iUx","","","","","51.5145","4.4331","preview","EN","1","Replication","Sex differences in implicit math attitudes and relations with self-reported attitudes (Nosek, Banaji, & Greenwald, 2002)","3","True","True","True","True","True","Other, namely:","convergent validitiy","True","True","True","False","","","","","",""
"2023-04-23 08:48:59","2023-04-23 08:50:37","Survey Preview","","100","98","True","2023-04-23 08:50:39","R_33gcnhdjG8IkAEp","","","","","51.5145","4.4331","preview","EN","2","Replication","LIVING IN THE NORTH IS NOT NECESSARILY FAVORABLE: DIFFERENT METAPHORIC ASSOCIATIONS BETWEEN CARDINAL DIRECTION AND VALENCE IN HONG KONG AND IN THE UNITED STATES (Huang, Tse & Cho, 2014, Study 1a)","1","True","True","True","True","Not applicable","Not Apllicable (only report this if psychometric evidence would not be possible for this measure, otherwise report as None)","","True","True","Not applicable","True","True","True","True","True","No modification","No modification"
"2023-04-23 08:50:48","2023-04-23 08:53:40","Survey Preview","","100","172","True","2023-04-23 08:53:42","R_2Bm5P3B8tUjNoXh","","","","","51.5145","4.4331","preview","EN","2","Replication","A FUNCTIONAL BASIS FOR STRUCTURE-SEEKING: EXPOSURE TO STRUCTURE PROMOTES WILLINGNESS TO ENGAGE IN MOTIVATED ACTION (Kay, Laurin, Fitzsimons & Landau, 2014, Study 2)","1","True","True","True","True","False","None","","True","True","True","False","","","","","",""
"2023-04-23 08:53:49","2023-04-23 08:56:33","Survey Preview","","100","163","True","2023-04-23 08:56:34","R_pnMekTebSaVHWrn","","","","","51.5145","4.4331","preview","EN","2","Replication","OVERCOMING INTUITION: METACOGNITIVE DIFFICULTY ACTIVATES ANALYTIC REASONING (Alter, Oppenheimer, Epley & Eyre, 2007, Study 4)","1","True","True","True","True","False","None","","True","True","Not applicable","True","True","True","No modification","No modification","No modification","No modification"
"2023-04-23 08:56:46","2023-04-23 09:00:14","Survey Preview","","100","207","True","2023-04-23 09:00:15","R_1DG56WWkSvEfRN7","","","","","51.5145","4.4331","preview","EN","2","Replication","LIBERALS AND CONSERVATIVES RELY ON DIFFERENT SETS OF MORAL FOUNDATIONS (Graham, Haidt, & Nosek, 2009, Study 1)","1","True","True","True","True","False","None","","True","True","False","True","No modification","No modification","True","True","No modification","No modification"
"2023-04-23 09:00:31","2023-04-23 09:01:36","Survey Preview","","100","64","True","2023-04-23 09:01:37","R_1cTUCJpMAlyGJyw","","","","","51.5145","4.4331","preview","EN","2","Replication","MONEY, KISSES, AND ELECTRIC SHOCKS: ON THE AFFECTIVE PSYCHOLOGY OF RISK (Rottenstreich & Hsee, 2001, Study 1)","1","True","True","True","True","Not applicable","Not Apllicable (only report this if psychometric evidence would not be possible for this measure, otherwise report as None)","","True","True","Not applicable","False","","","","","",""
"2023-04-23 09:01:43","2023-04-23 09:03:00","Survey Preview","","100","77","True","2023-04-23 09:03:02","R_1lrY7RWl2AqNmrN","","","","","51.5145","4.4331","preview","EN","2","Replication","CUING CONSUMERISM SITUATIONAL MATERIALISM UNDERMINES PERSONAL AND SOCIAL WELL-BEING (Bauer, Wilkie, Kim & Bodenhausen, 2012, Study 4)","1","True","True","True","True","Not applicable","Not Apllicable (only report this if psychometric evidence would not be possible for this measure, otherwise report as None)","","True","True","Not applicable","False","","","","","",""
"2023-04-23 09:03:07","2023-04-23 09:06:12","Survey Preview","","100","184","True","2023-04-23 09:06:13","R_w6LA7TsrlQRg2e5","","","","","51.5145","4.4331","preview","EN","2","Replication"," CULTURAL VARIATION IN CORRESPONDENCE BIAS: THE CRITICAL ROLE OF ATTITUDE DIAGNOSTICITY OF SOCIALLY CONSTRAINED BEHAVIOR (Miyamoto & Kitayama, 2002, Study 1)","1","True","True","True","True","Not applicable","Not Apllicable (only report this if psychometric evidence would not be possible for this measure, otherwise report as None)","","True","True","Not applicable","True","No modification","No modification","True","True","No modification","No modification"
"2023-04-23 09:06:20","2023-04-23 09:07:57","Survey Preview","","100","97","True","2023-04-23 09:07:59","R_z27Gry4aY9s0nex","","","","","51.5145","4.4331","preview","EN","2","Replication","DISGUST SENSITIVITY PREDICTS INTUITIVE DISAPPROVAL OF GAYS (Inbar, Pizarro, Knobe & Bloom, 2009, Study 1)","1","True","True","True","True","Not applicable","Not Apllicable (only report this if psychometric evidence would not be possible for this measure, otherwise report as None)","","True","True","Not applicable","False","","","","","",""
"2023-04-23 09:08:04","2023-04-23 09:09:12","Survey Preview","","100","68","True","2023-04-23 09:09:14","R_1DnCpuspwzzYOla","","","","","51.5145","4.4331","preview","EN","2","Replication","DISGUST SENSITIVITY PREDICTS INTUITIVE DISAPPROVAL OF GAYS (Inbar, Pizarro, Knobe & Bloom, 2009, Study 1)","2","True","True","True","True","False","None","","True","False","False","True","No modification","No modification","No modification","No modification","True","False"
"2023-04-23 09:09:38","2023-04-23 09:12:02","Survey Preview","","100","144","True","2023-04-23 09:12:04","R_3hmypceJ0WkJmc9","","","","","51.5145","4.4331","preview","EN","2","Replication","DEVELOPMENT OF PROSOCIAL, INDIVIDUALISTIC, AND COMPETITIVE ORIENTATIONS: THEORY AND PRELIMINARY EVIDENCE (Van Lange, Otten, De Bruin & Joireman, 1997, Study 3)","1","True","True","True","True","False","None","","True","False","Not applicable","True","No modification","No modification","No modification","No modification","True","True"
"2023-04-23 09:12:13","2023-04-23 09:13:15","Survey Preview","","100","61","True","2023-04-23 09:13:16","R_31uX1Rhc4p6KqDO","","","","","51.5145","4.4331","preview","EN","2","Replication","DEVELOPMENT OF PROSOCIAL, INDIVIDUALISTIC, AND COMPETITIVE ORIENTATIONS: THEORY AND PRELIMINARY EVIDENCE (Van Lange, Otten, De Bruin & Joireman, 1997, Study 3)","2","True","True","True","True","Not applicable","Not Apllicable (only report this if psychometric evidence would not be possible for this measure, otherwise report as None)","","True","True","Not applicable","False","","","","","",""
"2023-04-23 11:28:11","2023-04-23 11:30:18","Survey Preview","","100","127","True","2023-04-23 11:30:20","R_22CZ3lM9yJfG3yg","","","","","51.5145","4.4331","preview","EN","2","Replication","A DISSOCIATION BETWEEN MORAL JUDGMENTS AND JUSTIFICATIONS (Hauser, Cushman, Young, Kang-Xing & Mikhail, et al., 2007, Scenarios 1+2)","1","True","True","True","True","Not applicable","Not Apllicable (only report this if psychometric evidence would not be possible for this measure, otherwise report as None)","","True","True","Not applicable","True","No modification","No modification","No modification","No modification","True","True"
"2023-04-23 11:36:33","2023-04-23 11:37:39","Survey Preview","","100","65","True","2023-04-23 11:37:40","R_3GkeHgWVbcsBvlZ","","","","","51.5145","4.4331","preview","EN","2","Replication","THE LOCAL-LADDER EFFECT AND SUBJECTIVE WELL-BEING (Anderson, Kraus, Galinsky & Keltner, 2012, Study 3).","1","True","True","True","True","False","None","","True","False","False","False","","","","","",""
"2023-04-23 11:37:46","2023-04-23 11:38:37","Survey Preview","","100","50","True","2023-04-23 11:38:38","R_OkYj2Im44ziTYDn","","","","","51.5145","4.4331","preview","EN","2","Replication","THE LOCAL-LADDER EFFECT AND SUBJECTIVE WELL-BEING (Anderson, Kraus, Galinsky & Keltner, 2012, Study 3).","2","True","True","True","True","False","None","","False","False","False","False","","","","","",""
"2023-04-23 11:38:44","2023-04-23 11:41:27","Survey Preview","","100","163","True","2023-04-23 11:41:29","R_11XXKsRESPKFCag","","","","","51.5145","4.4331","preview","EN","2","Replication","THE “FALSE CONSENSUS EFFECT”: AN EGOCENTRIC BIAS IN SOCIAL PERCEPTION AND ATTRIBUTION PROCESSES (Ross, Greene & House, 1977, Study 1, Supermarket Scenario)","1","True","True","True","True","Not applicable","Not Apllicable (only report this if psychometric evidence would not be possible for this measure, otherwise report as None)","","True","True","Not applicable","False","","","","","",""
"2023-04-23 11:41:38","2023-04-23 11:42:36","Survey Preview","","100","57","True","2023-04-23 11:42:37","R_1M0ZErosIwxAFpG","","","","","51.5145","4.4331","preview","EN","2","Replication","THE “FALSE CONSENSUS EFFECT”: AN EGOCENTRIC BIAS IN SOCIAL PERCEPTION AND ATTRIBUTION PROCESSES (Ross, Greene & House, 1977, Study 1, Supermarket Scenario)","2","True","True","True","True","Not applicable","Not Apllicable (only report this if psychometric evidence would not be possible for this measure, otherwise report as None)","","True","True","Not applicable","False","","","","","",""
"2023-04-23 11:43:16","2023-04-23 11:47:12","Survey Preview","","100","235","True","2023-04-23 11:47:13","R_2uEZkkNuMrqIj0R","","","","","51.5145","4.4331","preview","EN","2","Replication","HIGH IN THE HIERARCHY: HOW VERTICAL LOCATION AND JUDGMENTS OF LEADERS’ POWER ARE INTERRELATED (Giessner & Schubert, 2007, Study 1a)","1","True","True","True","True","False","None","","True","True","True","True","No modification","No modification","True","True","No modification","No modification"
"2023-04-23 11:47:32","2023-04-23 11:49:59","Survey Preview","","100","147","True","2023-04-23 11:50:02","R_2af5YpUHvWYUs0G","","","","","51.5145","4.4331","preview","EN","2","Replication","THE FRAMING OF DECISIONS AND THE PSYCHOLOGY OF CHOICE (Tversky & Kahneman, 1981, Study 10)","1","True","True","True","True","Not applicable","Not Apllicable (only report this if psychometric evidence would not be possible for this measure, otherwise report as None)","","True","True","Not applicable","True","No modification","No modification","True","True","No modification","No modification"
"2023-04-23 11:50:35","2023-04-23 11:51:55","Survey Preview","","100","79","True","2023-04-23 11:51:57","R_2pVpjJLQX0fY1aN","","","","","51.5145","4.4331","preview","EN","2","Replication","WHY PEOPLE ARE RELUCTANT TO TEMPT FATE (Risen & Gilovich, 2008, Study 2)","1","True","True","True","True","Not applicable","Not Apllicable (only report this if psychometric evidence would not be possible for this measure, otherwise report as None)","","True","True","Not applicable","False","","","","","",""
"2023-04-23 11:52:45","2023-04-23 11:56:26","Survey Preview","","100","220","True","2023-04-23 11:56:27","R_1mIukpBweV3Xh41","","","","","51.5145","4.4331","preview","EN","2","Replication","WHAT COUNTS AS A CHOICE? U.S. AMERICANS ARE MORE LIKELY THAN INDIANS TO CONSTRUE ACTIONS AS CHOICES (Savani, Markus, Naidu, Kumar, & Berlia, 2010, Study 5)","1","True","True","True","True","Not applicable","Not Apllicable (only report this if psychometric evidence would not be possible for this measure, otherwise report as None)","","True","False","Not applicable","False","","","","","",""
"2023-04-23 11:56:38","2023-04-23 11:57:21","Survey Preview","","100","43","True","2023-04-23 11:57:23","R_1IrPdNefhpQ6Qeh","","","","","51.5145","4.4331","preview","EN","2","Replication","WHAT COUNTS AS A CHOICE? U.S. AMERICANS ARE MORE LIKELY THAN INDIANS TO CONSTRUE ACTIONS AS CHOICES (Savani, Markus, Naidu, Kumar, & Berlia, 2010, Study 5)","2","True","True","True","True","False","None","","True","True","True","False","","","","","",""
"2023-04-23 11:57:32","2023-04-23 12:02:05","Survey Preview","","100","272","True","2023-04-23 12:02:06","R_1pMRWgzignjPdTz","","","","","51.5145","4.4331","preview","EN","2","Replication","CULTURAL PREFERENCES FOR FORMAL VERSUS INTUITIVE REASONING (Norenzayan, Smith, Kim, & Nisbett, 2002, Study 2) ","1","True","True","True","True","False","None","","True","True","Not applicable","True","True","","No modification","No modification","No modification","No modification"
"2023-04-23 12:02:17","2023-04-23 12:04:53","Survey Preview","","100","156","True","2023-04-23 12:04:54","R_1OE7T6ssIJHhrJI","","","","","51.5145","4.4331","preview","EN","2","Replication","LESS IS BETTER: WHEN LOW-VALUE OPTIONS ARE VALUED MORE HIGHLY THAN HIGH-VALUE OPTIONS (Hsee, 1998, Study 1)","1","True","True","True","True","Not applicable","Not Apllicable (only report this if psychometric evidence would not be possible for this measure, otherwise report as None)","","True","True","Not applicable","True","No modification","No modification","True","","No modification","No modification"
"2023-04-23 12:05:04","2023-04-23 12:08:03","Survey Preview","","100","178","True","2023-04-23 12:08:05","R_a43hXKZI8MRW8Rb","","","","","51.5145","4.4331","preview","EN","2","Replication","MORAL TYPECASTING: DIVERGENT PERCEPTIONS OF MORAL AGENTS AND MORAL PATIENTS (Gray & Wegner, 2009, Study 1a) ","1","True","True","True","True","Not applicable","Not Apllicable (only report this if psychometric evidence would not be possible for this measure, otherwise report as None)","","True","True","Not applicable","False","","","","","",""
"2023-04-23 12:08:13","2023-04-23 12:10:51","Survey Preview","","100","158","True","2023-04-23 12:10:53","R_XSzTNNveR1UnTbj","","","","","51.5145","4.4331","preview","EN","2","Replication","WASHING AWAY YOUR SINS: THREATENED MORALITY AND PHYSICAL CLEANSING (Zhong & Liljenquist, 2006, Study 2)","1","True","True","True","True","False","None","","True","True","Not applicable","True","True","True","No modification","No modification","No modification","No modification"
"2023-04-23 12:11:12","2023-04-23 12:13:28","Survey Preview","","100","135","True","2023-04-23 12:13:29","R_1oBjeH2GrH6XV9k","","","","","51.5145","4.4331","preview","EN","2","Replication","ASSIMILATION AND CONTRAST EFFECTS IN PART-WHOLE QUESTION SEQUENCES: A CONVERSATIONAL LOGIC ANALYSIS (Schwarz, Strack & Mai, 1991, Study 1)","1","True","True","True","True","Not applicable","Not Apllicable (only report this if psychometric evidence would not be possible for this measure, otherwise report as None)","","True","True","Not applicable","True","No modification","No modification","True","","No modification","No modification"
"2023-04-23 12:13:39","2023-04-23 12:16:36","Survey Preview","","100","176","True","2023-04-23 12:16:37","R_3lLyPkCWxxF6m4S","","","","","51.5145","4.4331","preview","EN","2","Replication","HOW WARM DAYS INCREASE BELIEF IN GLOBAL WARMING (Zaval, Keenan, Johnson & Weber, 2014, Study 3A)","1","True","True","True","True","Not applicable","Not Apllicable (only report this if psychometric evidence would not be possible for this measure, otherwise report as None)","","True","True","Not applicable","True","No modification","No modification","True","","No modification","No modification"
"2023-04-23 12:16:50","2023-04-23 12:18:08","Survey Preview","","100","77","True","2023-04-23 12:18:10","R_2bWrmWGx49vQA2V","","","","","51.5145","4.4331","preview","EN","2","Replication","CHOOSING VERSUS REJECTING: WHY SOME OPTIONS ARE BOTH BETTER AND WORSE THAN OTHERS (Shafir, 1993, Study 1)","1","True","True","True","True","Not applicable","Not Apllicable (only report this if psychometric evidence would not be possible for this measure, otherwise report as None)","","True","True","Not applicable","False","","","","","",""
"2023-04-23 12:18:22","2023-04-23 12:20:05","Survey Preview","","100","103","True","2023-04-23 12:20:07","R_2uKk9xFDPNM7Sw2","","","","","51.5145","4.4331","preview","EN","2","Replication","INTENTIONAL ACTION AND SIDE EFFECTS IN ORDINARY LANGUAGE (Knobe, 2003, Study 1)","1","True","True","True","True","Not applicable","Not Apllicable (only report this if psychometric evidence would not be possible for this measure, otherwise report as None)","","True","True","Not applicable","True","True","True","No modification","No modification","No modification","No modification"
"2023-04-23 12:20:39","2023-04-23 12:23:06","Survey Preview","","100","146","True","2023-04-23 12:23:09","R_svdWVfxuo5PDAHL","","","","","51.5145","4.4331","preview","EN","2","Replication","STUDIES OF SIMILARITY (Tversky & Gati, 1978, Study 2)","1","True","True","True","True","False","None","","True","True","Not applicable","True","True","","True","False","No modification","No modification"
"2023-04-23 13:21:49","2023-04-23 13:23:22","Survey Preview","","100","93","True","2023-04-23 13:23:24","R_232hXenalRzeIYz","","","","","51.5145","4.4331","preview","EN","3","Replication","Power and perspectives not taken (Galinsky, Magee, Inesi, & Gruenfeld, 2006, Study 2a)","1","True","True","True","True","Not applicable","Not Apllicable (only report this if psychometric evidence would not be possible for this measure, otherwise report as None)","","True","True","Not applicable","False","","","","","",""
"2023-04-23 13:23:49","2023-04-23 13:27:17","Survey Preview","","100","208","True","2023-04-23 13:27:18","R_3PNarmsdLk9VkJu","","","","","51.5145","4.4331","preview","EN","3","Replication","Moral credentials and the expression of prejudice (Monin & Miller, 2001, Study 1)","1","True","True","True","True","False","None","","True","False","True","False","","","","","",""
"2023-04-23 13:27:28","2023-04-23 13:29:13","Survey Preview","","100","105","True","2023-04-23 13:29:15","R_1rOfBqfaiowOuEU","","","","","51.5145","4.4331","preview","EN","3","Replication","Moral credentials and the expression of prejudice (Monin & Miller, 2001, Study 1)","2","True","True","True","False","Not applicable","Not Apllicable (only report this if psychometric evidence would not be possible for this measure, otherwise report as None)","","True","True","Not applicable","False","","","","","",""
"2023-04-23 13:29:29","2023-04-23 13:32:33","Survey Preview","","100","184","True","2023-04-23 13:32:34","R_2VIpzOYigMuTszB","","","","","51.5145","4.4331","preview","EN","3","Replication","It feels like yesterday: self­esteem, valence of personal past experiences, and judgments of subjective distance (Ross, & Wilson, 2002, Study 2)","1","True","True","True","True","Not applicable","Not Apllicable (only report this if psychometric evidence would not be possible for this measure, otherwise report as None)","","True","Not applicable","Not applicable","False","","","","","",""
"2023-04-23 13:32:46","2023-04-23 13:35:39","Survey Preview","","100","173","True","2023-04-23 13:35:40","R_1exfWhCDKBlFUnI","","","","","51.5145","4.4331","preview","EN","3","Replication","It feels like yesterday: self­esteem, valence of personal past experiences, and judgments of subjective distance (Ross, & Wilson, 2002, Study 2)","2","True","True","True","True","True","Other, namely:","convergent validity","True","True","Not applicable","True","No modification","No modification","No modification","No modification","True","True"
"2023-04-23 13:36:00","2023-04-23 13:38:34","Survey Preview","","100","154","True","2023-04-23 13:38:35","R_1IlQJPzfxgbvTdN","","","","","51.5145","4.4331","preview","EN","3","Replication",". Stroop task (Stroop, 1935; as adapted from Inzlicht, & Gutsell, 2007, Study 1)","1","True","True","True","True","Not applicable","Not Apllicable (only report this if psychometric evidence would not be possible for this measure, otherwise report as None)","","True","True","Not applicable","True","No modification","No modification","No modification","No modification","True","True"
"2023-04-23 13:38:47","2023-04-23 13:41:57","Survey Preview","","100","189","True","2023-04-23 13:41:58","R_sSj0ilz9P4zhcVr","","","","","51.5145","4.4331","preview","EN","3","Replication","Availability: A heuristic for judging frequency and probability (Tversky & Kahneman, 1973, Study 3)","1","True","True","True","True","Not applicable","Not Apllicable (only report this if psychometric evidence would not be possible for this measure, otherwise report as None)","","True","True","Not applicable","True","No modification","No modification","False","","False",""
"2023-04-23 13:42:13","2023-04-23 13:44:57","Survey Preview","","100","163","True","2023-04-23 13:44:58","R_9tMPtTP0fVP9nrj","","","","","51.5145","4.4331","preview","EN","3","Replication","Warmer hearts, warmer rooms (Szymkow, Chandler, IJzerman, Parzuchowski, & Wojciszke, 2013, Study 1)","1","True","True","True","True","Not applicable","Not Apllicable (only report this if psychometric evidence would not be possible for this measure, otherwise report as None)","","True","True","Not applicable","True","True","False","True","","No modification","No modification"
"2023-04-23 13:45:32","2023-04-23 13:47:28","Survey Preview","","100","115","True","2023-04-23 13:47:29","R_DuTrwsIbRJo7XBT","","","","","51.5145","4.4331","preview","EN","3","Replication","Issue involvement can increase or decrease persuasion by enhancing message­relevant cognitive responses (Cacioppo, Petty, & Morris, 1983, Study 1)","1","True","True","True","True","False","None","","True","True","True","False","","","","","",""
"2023-04-23 13:47:57","2023-04-23 13:49:56","Survey Preview","","100","119","True","2023-04-23 13:49:59","R_1jqsAmUkb6F6V1x","","","","","51.5145","4.4331","preview","EN","3","Replication","Issue involvement can increase or decrease persuasion by enhancing message­relevant cognitive responses (Cacioppo, Petty, & Morris, 1983, Study 1)","2","True","True","False","True","True","None","","True","True","False","True","No modification","No modification","No modification","No modification","True","True"
"2023-04-23 13:51:03","2023-04-23 13:53:50","Survey Preview","","100","167","True","2023-04-23 13:53:52","R_2xVjhdH1ZSfPqj7","","","","","51.5145","4.4331","preview","EN","3","Replication","The Relation between Persistence and Conscientiousness (De Fruyt, Van De Wiele, & Van Heeringen, 2000)","1","True","True","False","True","True","None","","True","True","False","True","No modification","No modification","No modification","No modification","False",""
"2023-04-23 13:54:00","2023-04-23 13:57:34","Survey Preview","","100","214","True","2023-04-23 13:57:35","R_ZEICBD1Q4oFiEg1","","","","","51.5145","4.4331","preview","EN","3","Replication","The Relation between Persistence and Conscientiousness (De Fruyt, Van De Wiele, & Van Heeringen, 2000)","2","True","True","False","True","False","None","","False","Not applicable","Not applicable","True","No modification","No modification","No modification","No modification","True","False"
"2023-04-23 13:58:14","2023-04-23 14:00:16","Survey Preview","","100","121","True","2023-04-23 14:00:18","R_eSdRf0yOvEAycP7","","","","","51.5145","4.4331","preview","EN","3","Replication","Metaphoric structuring: Understanding time through spatial metaphors (Boroditsky, 2000, study 1)","1","True","True","True","True","Not applicable","Not Apllicable (only report this if psychometric evidence would not be possible for this measure, otherwise report as None)","","True","True","Not applicable","False","","","","","",""
"2023-04-23 14:00:34","2023-04-23 14:03:09","Survey Preview","","100","154","True","2023-04-23 14:03:11","R_1HpY2gTISW8aLAW","","","","","51.5145","4.4331","preview","EN","3","Replication","Weight as an embodiment of importance (Jostmann, Lakens, & Schubert, 2009, Study 2)","1","True","True","True","True","Not applicable","Not Apllicable (only report this if psychometric evidence would not be possible for this measure, otherwise report as None)","","True","True","Not applicable","True","No modification","No modification","True","","No modification","No modification"
"2023-04-23 14:13:12","2023-04-23 14:15:48","Survey Preview","","100","155","True","2023-04-23 14:15:49","R_USmu44BI55Z8G6R","","","","","51.5145","4.4331","preview","EN","5","Replication","Albarracín et al. (2008, Journal of Personality and Social Psychology, 95), Experiment 5","1","False","True","False","False","False","None","","False","True","Not applicable","False","","","","","",""
"2023-04-23 14:15:57","2023-04-23 14:16:44","Survey Preview","","100","47","True","2023-04-23 14:16:45","R_2SDfHTslEpZpssr","","","","","51.5145","4.4331","preview","EN","5","Replication","Albarracín et al. (2008, Journal of Personality and Social Psychology, 95), Experiment 5","2","False","True","False","False","False","None","","False","True","Not applicable","False","","","","","",""
"2023-04-23 14:17:23","2023-04-23 14:21:18","Survey Preview","","100","234","True","2023-04-23 14:21:19","R_1GKvfORf3WMS1is","","","","","51.5145","4.4331","preview","EN","5","Replication","Albarracín et al. (2008) Study 7","1","True","True","True","True","Not applicable","Not Apllicable (only report this if psychometric evidence would not be possible for this measure, otherwise report as None)","","True","True","Not applicable","False","","","","","",""
"2023-04-23 14:21:26","2023-04-23 14:21:58","Survey Preview","","100","31","True","2023-04-23 14:21:59","R_1cUtAYVCyWiIzTM","","","","","51.5145","4.4331","preview","EN","5","Replication","Albarracín et al. (2008) Study 7","2","True","True","True","True","Not applicable","Not Apllicable (only report this if psychometric evidence would not be possible for this measure, otherwise report as None)","","True","True","Not applicable","False","","","","","",""
"2023-04-23 14:22:29","2023-04-23 14:25:47","Survey Preview","","100","197","True","2023-04-23 14:25:48","R_27TpvsYaPOzbbF7","","","","","51.5145","4.4331","preview","EN","5","Replication","Albarracín et al. (2008) Study 7","1","True","True","False","True","False","None","","True","True","False","False","","","","","",""
"2023-04-23 14:25:54","2023-04-23 14:28:26","Survey Preview","","100","151","True","2023-04-23 14:28:27","R_3Q1hPoi4hy526d3","","","","","51.5145","4.4331","preview","EN","5","Replication","Detecting the Snake in the Grass: Attention to Fear-Relevant Stimuli by Adults and Young Children by Vanessa LoBue and Judy S. DeLoache (2008, Psychological Science)","1","True","True","False","True","False","None","","True","True","Not applicable","False","","","","","",""
"2023-04-23 14:28:35","2023-04-23 14:30:54","Survey Preview","","100","139","True","2023-04-23 14:30:56","R_2EsZVEEBPCHX4OT","","","","","51.5145","4.4331","preview","EN","5","Replication","Payne, Burkley, & Stokes (2008) Revised Protocol","1","True","True","False","True","False","None","","True","True","Not applicable","False","","","","","",""
"2023-04-23 14:31:02","2023-04-23 14:31:29","Survey Preview","","100","27","True","2023-04-23 14:31:33","R_1lymqit2t9VPIgA","","","","","51.5145","4.4331","preview","EN","5","Replication","Payne, Burkley, & Stokes (2008) Revised Protocol","2","True","True","False","True","False","None","","True","True","Not applicable","False","","","","","",""
"2023-04-23 14:32:13","2023-04-23 14:34:25","Survey Preview","","100","132","True","2023-04-23 14:34:27","R_2xPjak3VM0IMlFB","","","","","51.5145","4.4331","preview","EN","5","Replication","Risen & Gilovich (2008) ","1","True","True","True","True","Not applicable","Not Apllicable (only report this if psychometric evidence would not be possible for this measure, otherwise report as None)","","True","True","Not applicable","False","","","","","",""
"2023-04-23 14:34:51","2023-04-23 14:37:53","Survey Preview","","100","182","True","2023-04-23 14:37:55","R_2PiiuvKGvWJ943Y","","","","","51.5145","4.4331","preview","EN","5","Replication","A Needs-Based Model of Reconciliation: Satisfying the Differential Emotional Needs of Victim and Perpetrator as a Key to Promoting Reconciliation” (Shnabel &; Nadler, JPSP, 2008)","1","True","True","True","True","False","None","","True","True","False","True","True","","No modification","No modification","No modification","No modification"
"2023-04-23 14:39:04","2023-04-23 14:43:05","Survey Preview","","100","241","True","2023-04-23 14:43:07","R_2Br3flRdEqaFITx","","","","","51.5145","4.4331","preview","EN","5","Replication","van Dijk et al. (2008)","1","True","True","True","True","Not applicable","Not Apllicable (only report this if psychometric evidence would not be possible for this measure, otherwise report as None)","","True","True","Not applicable","True","True","True","True","True","No modification","No modification"
"2023-04-23 14:43:18","2023-04-23 14:46:24","Survey Preview","","100","186","True","2023-04-23 14:46:26","R_Xze0KFynoFYUzYd","","","","","51.5145","4.4331","preview","EN","5","Replication","Vohs & Schooler (2008)","1","True","True","True","True","False","None","","True","True","True","True","No modification","No modification","No modification","No modification","True","True"
"2023-04-23 14:46:41","2023-04-23 14:48:04","Survey Preview","","100","82","True","2023-04-23 14:48:05","R_4HPcpBCfac6eVOh","","","","","51.5145","4.4331","preview","EN","5","Replication","Vohs & Schooler (2008) ","2","True","True","True","True","Not applicable","Not Apllicable (only report this if psychometric evidence would not be possible for this measure, otherwise report as None)","","True","Not applicable","Not applicable","False","","","","","",""
"2023-04-24 03:55:51","2023-04-24 03:57:57","Survey Preview","","100","125","True","2023-04-24 03:57:58","R_1DqbtEyhDiZjrHp","","","","","51.5145","4.4331","preview","EN","1","Original","Instructional manipulation checks: Detecting satisficing to increase statistical power","1","True","False","True","True","Not applicable","Not Apllicable (only report this if psychometric evidence would not be possible for this measure, otherwise report as None)","","True","True","Not applicable","False","","","","","",""
"2023-04-24 03:58:13","2023-04-24 03:59:34","Survey Preview","","100","80","True","2023-04-24 03:59:35","R_3CK1tb8AwuGm8yU","","","","","51.5145","4.4331","preview","EN","1","Original","The framing of decisions and the psychology of choice","1","True","True","True","True","Not applicable","Not Apllicable (only report this if psychometric evidence would not be possible for this measure, otherwise report as None)","","True","True","Not applicable","False","","","","","",""
"2023-04-24 03:59:44","2023-04-24 04:02:38","Survey Preview","","100","173","True","2023-04-24 04:02:39","R_1hSuvk9p6xTkmzV","","","","","51.5145","4.4331","preview","EN","1","Original","measures of anchoring in estimation tasks","1","True","True","False","True","Not applicable","Not Apllicable (only report this if psychometric evidence would not be possible for this measure, otherwise report as None)","","True","True","Not applicable","False","","","","","",""
"2023-04-24 04:02:53","2023-04-24 04:04:26","Survey Preview","","100","93","True","2023-04-24 04:04:28","R_3Ms9HbzEskiKiLI","","","","","51.5145","4.4331","preview","EN","1","Original","The retrospective gambler’s fallacy: Unlikely events, constructing the past, and multiple universes","1","True","True","False","True","Not applicable","Not Apllicable (only report this if psychometric evidence would not be possible for this measure, otherwise report as None)","","True","True","Not applicable","False","","","","","",""
"2023-04-24 04:04:44","2023-04-24 04:06:44","Survey Preview","","100","119","True","2023-04-24 04:06:45","R_3EyzIK0NWngbWoH","","","","","51.5145","4.4331","preview","EN","1","Original","Response Scales: Effects of Category Range on Reported Behavior and Comparative Judgments","1","True","False","False","True","Not applicable","Not Apllicable (only report this if psychometric evidence would not be possible for this measure, otherwise report as None)","","True","True","Not applicable","False","","","","","",""
"2023-04-24 04:06:50","2023-04-24 04:07:16","Survey Preview","","100","25","True","2023-04-24 04:07:17","R_3lYarcgh4IhQjSS","","","","","51.5145","4.4331","preview","EN","1","Replication","THIS IS A BIG ERROR ORIGINAL STUDY 6 COULD NOT BE LOCATED","","","","","","","","","","","","","","","","","",""
"2023-04-24 05:51:11","2023-04-24 05:53:08","Survey Preview","","100","117","True","2023-04-24 05:53:10","R_3LYKsNKXwNSV5NQ","","","","","51.5145","4.4331","preview","EN","1","Original","Experiments in Wording Questions: II","1","True","False","True","True","Not applicable","Not Apllicable (only report this if psychometric evidence would not be possible for this measure, otherwise report as None)","","True","True","Not applicable","False","","","","","",""
"2023-04-24 05:53:23","2023-04-24 05:57:04","Survey Preview","","100","220","True","2023-04-24 05:57:05","R_2dYiuEuWsw0iWig","","","","","51.5145","4.4331","preview","EN","1","Original","Prestige, Suggestion, and Attitudes","1","True","False","True","True","Not applicable","Not Apllicable (only report this if psychometric evidence would not be possible for this measure, otherwise report as None)","","True","True","False","False","","","","","",""
"2023-04-24 05:57:32","2023-04-24 06:00:33","Survey Preview","","100","180","True","2023-04-24 06:00:34","R_1jOLgBB6mEWRZEY","","","","","51.5145","4.4331","preview","EN","1","Original","A Single Exposure to the American Flag Shifts Support Toward Republicanism up to 8 Months Later","1","True","True","True","True","Not applicable","Not Apllicable (only report this if psychometric evidence would not be possible for this measure, otherwise report as None)","","True","True","Not applicable","False","","","","","",""
"2023-04-24 06:00:44","2023-04-24 06:02:33","Survey Preview","","100","109","True","2023-04-24 06:02:35","R_514puukEWoIbSEh","","","","","51.5145","4.4331","preview","EN","1","Original","Mere Exposure to Money Increases Endorsement of Free-Market Systems and Social Inequality","1","True","True","True","True","False","None","","True","True","False","False","","","","","",""
"2023-04-24 06:02:46","2023-04-24 06:05:01","Survey Preview","","100","134","True","2023-04-24 06:05:03","R_2QmTWuJ5IddxJ9W","","","","","51.5145","4.4331","preview","EN","1","Original","Elaboration enhances the imagined contact effect","1","True","True","True","True","False","None","","True","True","False","True","No modification","No modification","True","","False",""
"2023-04-24 06:05:21","2023-04-24 06:34:45","Survey Preview","","100","1763","True","2023-04-24 06:34:47","R_26n0hoOz6ltvYUA","","","","","51.5145","4.4331","preview","EN","1","Original","Math  Male, Me  Female, Therefore Math  Me","1","True","True","False","True","False","None","","True","True","Not applicable","False","","","","","",""
"2023-04-24 06:35:18","2023-04-24 06:36:08","Survey Preview","","100","49","True","2023-04-24 06:36:09","R_AvqfOICzuY6KFH3","","","","","51.5145","4.4331","preview","EN","1","Original","Math  Male, Me  Female, Therefore Math  Me","2","True","True","False","True","Not applicable","Not Apllicable (only report this if psychometric evidence would not be possible for this measure, otherwise report as None)","","True","True","Not applicable","False","","","","","",""
"2023-04-24 06:36:17","2023-04-24 06:38:06","Survey Preview","","100","108","True","2023-04-24 06:38:08","R_3Rk0fc5egfUAHt5","","","","","51.5145","4.4331","preview","EN","1","Original","Math  Male, Me  Female, Therefore Math  Me","3","True","True","False","True","True","Other, namely:","convergent validity","True","True","True","False","","","","","",""
"2023-04-24 06:38:38","2023-04-24 06:42:28","Survey Preview","","100","229","True","2023-04-24 06:42:30","R_1j9rdtUhT1ODiMd","","","","","51.5145","4.4331","preview","EN","2","Original","Living in the north is not necessarily favorable: Different metaphoric associations between cardinal direction and valence in Hong Kong and in the United States","1","True","False","True","True","Not applicable","Not Apllicable (only report this if psychometric evidence would not be possible for this measure, otherwise report as None)","","True","True","Not applicable","False","","","","","",""
"2023-04-24 06:42:38","2023-04-24 06:44:59","Survey Preview","","100","141","True","2023-04-24 06:45:01","R_aXyf0IolNjZ9nhv","","","","","51.5145","4.4331","preview","EN","2","Original","A Functional Basis for Structure-Seeking: Exposure to Structure Promotes Willingness to Engage in Motivated Action","1","True","True","True","True","False","None","","True","True","True","False","","","","","",""
"2023-04-24 06:45:35","2023-04-24 06:48:54","Survey Preview","","100","199","True","2023-04-24 06:48:56","R_3O8P267BkbEASZW","","","","","51.5145","4.4331","preview","EN","2","Original","Overcoming Intuition: Metacognitive Difficulty Activates Analytic Reasoning","1","False","True","False","True","True","Other, namely:","difficulty in solving tasks onbtained from previous research","True","Not applicable","Not applicable","True","No modification","No modification","No modification","No modification","True","True"
"2023-04-24 06:49:24","2023-04-24 06:52:10","Survey Preview","","100","165","True","2023-04-24 06:52:12","R_28PehUWHwM6Medm","","","","","51.5145","4.4331","preview","EN","2","Original","Liberals and Conservatives Rely on Different Sets of Moral Foundations","1","True","True","True","True","False","None","","True","True","True","False","","","","","",""
"2023-04-24 06:52:19","2023-04-24 06:54:34","Survey Preview","","100","135","True","2023-04-24 06:54:36","R_2S2JRCxYJqkBwX3","","","","","51.5145","4.4331","preview","EN","2","Original","Liberals and Conservatives Rely on Different Sets of Moral Foundations","1","True","False","True","True","Not applicable","Not Apllicable (only report this if psychometric evidence would not be possible for this measure, otherwise report as None)","","True","True","Not applicable","False","","","","","",""
"2023-04-24 06:55:10","2023-04-24 06:58:56","Survey Preview","","100","225","True","2023-04-24 06:58:57","R_2dFkSLXxIK2ItPQ","","","","","51.5145","4.4331","preview","EN","2","Original","Cuing Consumerism: Situational Materialism Undermines Personal and Social Well-Being","1","True","True","False","True","Not applicable","Not Apllicable (only report this if psychometric evidence would not be possible for this measure, otherwise report as None)","","True","True","Not applicable","None Reported","","","","","",""
"2023-04-24 06:59:10","2023-04-24 07:02:38","Survey Preview","","100","208","True","2023-04-24 07:02:40","R_32Qu0yvKvt7Us6N","","","","","51.5145","4.4331","preview","EN","2","Original","Cultural Variation in Correspondence Bias: The Critical Role of Attitude Diagnosticity of Socially Constrained Behavior","1","True","True","True","True","Not applicable","Not Apllicable (only report this if psychometric evidence would not be possible for this measure, otherwise report as None)","","True","True","Not applicable","False","","","","","",""
"2023-04-24 07:02:48","2023-04-24 07:05:58","Survey Preview","","100","190","True","2023-04-24 07:06:01","R_2pXXz8LG7j9YvXD","","","","","51.5145","4.4331","preview","EN","2","Original","Disgust Sensitivity Predicts Intuitive Disapproval of Gays","1","True","True","False","True","Not applicable","Not Apllicable (only report this if psychometric evidence would not be possible for this measure, otherwise report as None)","","True","True","Not applicable","False","","","","","",""
"2023-04-24 07:06:08","2023-04-24 07:08:18","Survey Preview","","100","130","True","2023-04-24 07:08:21","R_1imRxlrknPEU06f","","","","","51.5145","4.4331","preview","EN","2","Original","Disgust Sensitivity Predicts Intuitive Disapproval of Gays","2","True","True","True","True","True","Other, namely:","validity showing differences in behavior","True","False","False","True","No modification","No modification","No modification","No modification","True","True"
"2023-04-24 07:40:47","2023-04-24 07:44:29","Survey Preview","","100","222","True","2023-04-24 07:44:31","R_1zW7oIFSlg4MgtX","","","","","51.5145","4.4331","preview","EN","2","Original","Incidental Environmental Anchors","1","True","False","False","True","Not applicable","Not Apllicable (only report this if psychometric evidence would not be possible for this measure, otherwise report as None)","","True","Not applicable","Not applicable","False","","","","","",""
"2023-04-24 07:44:46","2023-04-24 07:48:54","Survey Preview","","100","247","True","2023-04-24 07:48:56","R_PRRivrqKcpDBAnT","","","","","51.5145","4.4331","preview","EN","2","Original","Development of Prosocial, Individualistic, and Competitive Orientations: Theory and Preliminary Evidence","1","True","False","True","True","False","None","","True","True","Not applicable","False","","","","","",""
"2023-04-24 07:49:19","2023-04-24 07:50:39","Survey Preview","","100","79","True","2023-04-24 07:50:42","R_2Yb77lqYbPv0h8D","","","","","51.5145","4.4331","preview","EN","2","Original","Development of Prosocial, Individualistic, and Competitive Orientations: Theory and Preliminary Evidence","2","True","False","False","True","Not applicable","Not Apllicable (only report this if psychometric evidence would not be possible for this measure, otherwise report as None)","","True","Not applicable","Not applicable","False","","","","","",""
"2023-04-24 07:50:48","2023-04-24 07:54:35","Survey Preview","","100","227","True","2023-04-24 07:54:38","R_1IlLfgGntH8CTdy","","","","","51.5145","4.4331","preview","EN","2","Original","A Dissociation Between Moral Judgments and Justifi cations ","1","True","True","True","False","Not applicable","Not Apllicable (only report this if psychometric evidence would not be possible for this measure, otherwise report as None)","","True","True","Not applicable","None Reported","","","","","",""
"2023-04-24 07:54:53","2023-04-24 07:58:52","Survey Preview","","100","239","True","2023-04-24 07:58:54","R_3D1koYZ8TRvVCgc","","","","","51.5145","4.4331","preview","EN","2","Original","The Local Ladder Effect: Social Status and Subjective Well-Being","1","True","True","False","True","False","None","","True","False","True","False","","","","","",""
"2023-04-24 07:59:01","2023-04-24 07:59:56","Survey Preview","","100","54","True","2023-04-24 07:59:58","R_Ti4bHyyQigPloJP","","","","","51.5145","4.4331","preview","EN","2","Original","The Local Ladder Effect: Social Status and Subjective Well-Being","2","True","True","False","True","False","None","","False","False","True","False","","","","","",""
"2023-04-24 08:00:04","2023-04-24 08:03:07","Survey Preview","","100","182","True","2023-04-24 08:03:10","R_307Y56dPZbxLrKP","","","","","51.5145","4.4331","preview","EN","2","Original","The Local Ladder Effect: Social Status and Subjective Well-Being","3","True","True","False","True","False","None","","False","False","True","False","","","","","",""
"2023-04-24 08:03:21","2023-04-24 08:06:45","Survey Preview","","100","204","True","2023-04-24 08:06:47","R_Xp2Kae9MCRQfgeR","","","","","51.5145","4.4331","preview","EN","2","Original","The “False Consensus Effect”: An Egocentric Bias in Social Perception and Attribution Processes ","1","True","True","True","True","Not applicable","Not Apllicable (only report this if psychometric evidence would not be possible for this measure, otherwise report as None)","","True","True","Not applicable","False","","","","","",""
"2023-04-24 08:06:53","2023-04-24 08:07:58","Survey Preview","","100","65","True","2023-04-24 08:08:00","R_2fHBnRggcSBrblZ","","","","","51.5145","4.4331","preview","EN","2","Original","The “False Consensus Effect”: An Egocentric Bias in Social Perception and Attribution Processes ","2","True","False","False","True","Not applicable","Not Apllicable (only report this if psychometric evidence would not be possible for this measure, otherwise report as None)","","True","True","Not applicable","False","","","","","",""
"2023-04-24 08:08:14","2023-04-24 08:11:40","Survey Preview","","100","206","True","2023-04-24 08:11:42","R_1LzH3noUwUf2wfc","","","","","51.5145","4.4331","preview","EN","2","Original","High in the Hierarchy: How Vertical Location and Judgments of Leaders' Power are Interrelated","1","True","True","True","True","False","None","","True","True","True","False","","","","","",""
"2023-04-24 08:12:00","2023-04-24 08:14:49","Survey Preview","","100","168","True","2023-04-24 08:14:52","R_2xFRVfb57iyDUMX","","","","","51.5145","4.4331","preview","EN","2","Original","The framing of Decisions and the psychology of choice","1","True","False","True","True","Not applicable","Not Apllicable (only report this if psychometric evidence would not be possible for this measure, otherwise report as None)","","True","True","Not applicable","None Reported","","","","","",""
"2023-04-24 08:15:02","2023-04-24 08:18:05","Survey Preview","","100","182","True","2023-04-24 08:18:07","R_2CWePAe25WM4GH3","","","","","51.5145","4.4331","preview","EN","2","Original","Why People Are Reluctant to Tempt Fate","1","True","True","False","True","Not applicable","Not Apllicable (only report this if psychometric evidence would not be possible for this measure, otherwise report as None)","","True","True","Not applicable","False","","","","","",""
"2023-04-24 08:18:55","2023-04-24 08:22:15","Survey Preview","","100","199","True","2023-04-24 08:22:17","R_1l5oSeehqGbCoJk","","","","","51.5145","4.4331","preview","EN","2","Original","What Counts as a Choice? U.S. Americans Are More Likely Than Indians to Construe Actions as Choices","1","True","False","False","True","False","None","","True","Not applicable","Not applicable","False","","","","","",""
"2023-04-24 08:22:24","2023-04-24 08:22:55","Survey Preview","","100","31","True","2023-04-24 08:22:57","R_Dx7Y7sgIebOwmZz","","","","","51.5145","4.4331","preview","EN","2","Original","What Counts as a Choice? U.S. Americans Are More Likely Than Indians to Construe Actions as Choices","2","True","False","False","True","False","None","","True","True","Not applicable","False","","","","","",""
"2023-04-24 08:23:05","2023-04-24 08:26:40","Survey Preview","","100","214","True","2023-04-24 08:26:42","R_3lXfOH7AEDez6gS","","","","","51.5145","4.4331","preview","EN","2","Original","Cultural preferences for formal versus intuitive reasoning","1","True","True","True","True","False","None","","True","True","Not applicable","False","","","","","",""
"2023-04-24 08:26:50","2023-04-24 08:28:18","Survey Preview","","100","88","True","2023-04-24 08:28:20","R_1QGhw3R0UbjQ2PW","","","","","51.5145","4.4331","preview","EN","2","Original","Less Is Better: When Low-value Options Are Valued More Highly than High-value Options","1","True","True","True","True","Not applicable","Not Apllicable (only report this if psychometric evidence would not be possible for this measure, otherwise report as None)","","True","True","Not applicable","False","","","","","",""
"2023-04-24 08:28:31","2023-04-24 08:31:56","Survey Preview","","100","205","True","2023-04-24 08:32:01","R_2YDjUauI9IqJdFK","","","","","51.5145","4.4331","preview","EN","2","Original","Moral Typecasting: Divergent Perceptions of Moral Agents and Moral Patients","1","True","True","True","True","Not applicable","Not Apllicable (only report this if psychometric evidence would not be possible for this measure, otherwise report as None)","","True","True","Not applicable","False","","","","","",""
"2023-04-24 08:33:08","2023-04-24 08:36:15","Survey Preview","","100","186","True","2023-04-24 08:36:19","R_RPpDyntRLgUyuXf","","","","","51.5145","4.4331","preview","EN","2","Original","Washing Away Your Sins: Threatened Morality and Physical Cleansing","1","True","True","False","True","False","None","","True","True","Not applicable","False","","","","","",""
"2023-04-24 08:36:35","2023-04-24 08:38:43","Survey Preview","","100","127","True","2023-04-24 08:38:45","R_2S8KPIzQMEwKPrf","","","","","51.5145","4.4331","preview","EN","2","Original","ASSIMILATION AND CONTRAST EFFECTS IN PART-WHOLE QUESTION SEQUENCES: A CONVERSATIONAL LOGIC ANALYSIS","1","True","True","True","True","Not applicable","Not Apllicable (only report this if psychometric evidence would not be possible for this measure, otherwise report as None)","","True","True","Not applicable","False","","","","","",""
"2023-04-24 08:38:57","2023-04-24 08:40:52","Survey Preview","","100","114","True","2023-04-24 08:40:55","R_sYzgL4aiRSgRERP","","","","","51.5145","4.4331","preview","EN","2","Original","ASSIMILATION AND CONTRAST EFFECTS IN PART-WHOLE QUESTION SEQUENCES: A CONVERSATIONAL LOGIC ANALYSIS","2","True","True","True","True","False","None","","True","True","True","False","","","","","",""
"2023-04-24 08:41:03","2023-04-24 08:46:21","Survey Preview","","100","318","True","2023-04-24 08:46:24","R_3nPMoN36o3XGv2T","","","","","51.5145","4.4331","preview","EN","2","Original","How warm days increase belief in global warming","1","True","False","False","True","Not applicable","Not Apllicable (only report this if psychometric evidence would not be possible for this measure, otherwise report as None)","","False","True","False","False","","","","","",""
"2023-04-24 08:46:32","2023-04-24 08:47:20","Survey Preview","","100","47","True","2023-04-24 08:47:22","R_2h64BvxdAq56KPf","","","","","51.5145","4.4331","preview","EN","2","Original","How warm days increase belief in global warming","2","False","False","False","True","Not applicable","Not Apllicable (only report this if psychometric evidence would not be possible for this measure, otherwise report as None)","","False","True","False","False","","","","","",""
"2023-04-24 08:47:38","2023-04-24 08:49:15","Survey Preview","","100","96","True","2023-04-24 08:49:17","R_3LcYMiOs9otqTmq","","","","","51.5145","4.4331","preview","EN","1","Original","Choosing versus rejecting: Why some options are both better and worse than others","1","True","True","True","True","Not applicable","Not Apllicable (only report this if psychometric evidence would not be possible for this measure, otherwise report as None)","","True","True","Not applicable","False","","","","","",""
"2023-04-24 08:49:31","2023-04-24 08:50:51","Survey Preview","","100","79","True","2023-04-24 08:50:52","R_3oyzfLDqfI8flA4","","","","","51.5145","4.4331","preview","EN","2","Original","Intentional action and side effects in  ordinary language","1","True","True","True","True","Not applicable","Not Apllicable (only report this if psychometric evidence would not be possible for this measure, otherwise report as None)","","True","True","Not applicable","False","","","","","",""
"2023-04-24 08:51:22","2023-04-24 08:54:39","Survey Preview","","100","197","True","2023-04-24 08:54:40","R_3PBpgM0yo1DB9d7","","","","","51.5145","4.4331","preview","EN","2","Original","studies of similarity","1","True","False","True","True","True","Other, namely:","earlier study exploring pair similarity/dissimilarity","True","True","Not applicable","False","","","","","",""
"2023-04-24 12:09:44","2023-04-24 12:11:11","Survey Preview","","100","87","True","2023-04-24 12:11:13","R_C38jdzvculJbXWN","","","","","51.5145","4.4331","preview","EN","3","Original","Power and Perspectives Not Taken","1","True","True","False","True","Not applicable","Not Apllicable (only report this if psychometric evidence would not be possible for this measure, otherwise report as None)","","True","True","Not applicable","False","","","","","",""
"2023-04-24 12:11:20","2023-04-24 12:14:15","Survey Preview","","100","174","True","2023-04-24 12:14:16","R_2pJrI8sPL1EPytl","","","","","51.5145","4.4331","preview","EN","3","Original","Moral Credentials and the Expression of Prejudice","1","True","True","True","True","Not applicable","Not Apllicable (only report this if psychometric evidence would not be possible for this measure, otherwise report as None)","","True","True","Not applicable","False","","","","","",""
"2023-04-24 12:14:33","2023-04-24 12:15:44","Survey Preview","","100","71","True","2023-04-24 12:15:45","R_3L5zZeCBSVpgdrT","","","","","51.5145","4.4331","preview","EN","3","Original","Moral Credentials and the Expression of Prejudice","2","True","True","True","True","Not applicable","Not Apllicable (only report this if psychometric evidence would not be possible for this measure, otherwise report as None)","","True","True","Not applicable","False","","","","","",""
"2023-04-24 12:16:14","2023-04-24 12:18:07","Survey Preview","","100","113","True","2023-04-24 12:18:09","R_2V2r3HXbdLGxeqP","","","","","51.5145","4.4331","preview","EN","3","Original","It Feels Like Yesterday: Self-Esteem, Valence of Personal Past Experiences, and Judgments of Subjective Distance","1","False","True","False","True","Not applicable","Not Apllicable (only report this if psychometric evidence would not be possible for this measure, otherwise report as None)","","True","False","Not applicable","False","","","","","",""
"2023-04-24 12:18:15","2023-04-24 12:20:52","Survey Preview","","100","156","True","2023-04-24 12:20:53","R_ywOVKcUUnhWuDn3","","","","","51.5145","4.4331","preview","EN","3","Original","It Feels Like Yesterday: Self-Esteem, Valence of Personal Past Experiences, and Judgments of Subjective Distance","2","True","True","False","True","False","None","","False","False","False","False","","","","","",""
"2023-04-24 12:21:01","2023-04-24 12:22:15","Survey Preview","","100","74","True","2023-04-24 12:22:16","R_2Sq9Z8LsvbcwbuH","","","","","51.5145","4.4331","preview","EN","3","Original","It Feels Like Yesterday: Self-Esteem, Valence of Personal Past Experiences, and Judgments of Subjective Distance","3","True","True","False","True","False","None","","True","True","Not applicable","False","","","","","",""
"2023-04-24 12:22:38","2023-04-24 12:26:02","Survey Preview","","100","203","True","2023-04-24 12:26:04","R_3kuOdbGl3yLMurg","","","","","51.5145","4.4331","preview","EN","3","Original","Running on Empty","1","True","True","False","False","Not applicable","Not Apllicable (only report this if psychometric evidence would not be possible for this measure, otherwise report as None)","","True","Not applicable","Not applicable","False","","","","","",""
"2023-04-24 12:26:14","2023-04-24 12:28:20","Survey Preview","","100","125","True","2023-04-24 12:28:22","R_3OrlqvZ4jfrcxR0","","","","","51.5145","4.4331","preview","EN","3","Original","Availability: A Heuristic for Judging Frequency and Probability","1","True","False","True","True","False","None","","True","True","Not applicable","False","","","","","",""
"2023-04-24 12:28:37","2023-04-24 12:30:30","Survey Preview","","100","112","True","2023-04-24 12:30:31","R_22FhFoEth53lq4L","","","","","51.5145","4.4331","preview","EN","3","Original","Warmer hearts, warmer rooms: Focusing on positive communal but not agentic traits increases estimates of ambient temperature ","1","True","True","True","True","Not applicable","Not Apllicable (only report this if psychometric evidence would not be possible for this measure, otherwise report as None)","","True","True","Not applicable","False","","","","","",""
"2023-04-24 12:30:38","2023-04-24 12:35:47","Survey Preview","","100","308","True","2023-04-24 12:35:49","R_r9I7zjgZ7MqeCqJ","","","","","51.5145","4.4331","preview","EN","3","Original","Effects of Need for Cognition on Message Evaluation, Recall, and Persuasion","1","True","True","True","True","False","None","","True","True","True","False","","","","","",""
"2023-04-24 12:35:53","2023-04-24 12:37:04","Survey Preview","","100","70","True","2023-04-24 12:37:05","R_2aDip9uRa19KDMR","","","","","51.5145","4.4331","preview","EN","3","Original","Effects of Need for Cognition on Message Evaluation, Recall, and Persuasion","2","True","False","False","True","False","None","","True","False","False","False","","","","","",""
"2023-04-24 12:37:26","2023-04-24 12:39:38","Survey Preview","","100","132","True","2023-04-24 12:39:40","R_3ekjWyoQmtR8nrv","","","","","51.5145","4.4331","preview","EN","3","Original","Cloninger's Psychobiological Model of Temperament and Character and the Five-Factor Model of Personality","1","True","False","False","True","False","None","","True","False","True","True","No modification","No modification","True","True","No modification","No modification"
"2023-04-24 12:39:46","2023-04-24 12:41:16","Survey Preview","","100","90","True","2023-04-24 12:41:18","R_3Dp8hunQ8VAQYjB","","","","","51.5145","4.4331","preview","EN","3","Original","Cloninger's Psychobiological Model of Temperament and Character and the Five-Factor Model of Personality","2","True","False","False","True","False","None","","False","False","False","True","No modification","No modification","True","True","No modification","No modification"
"2023-04-24 12:41:24","2023-04-24 12:43:28","Survey Preview","","100","123","True","2023-04-24 12:43:30","R_3Ib1quPD5dJwEs9","","","","","51.5145","4.4331","preview","EN","3","Original","Metaphoric structuring: understanding time through spatial metaphors","1","True","False","True","True","Not applicable","Not Apllicable (only report this if psychometric evidence would not be possible for this measure, otherwise report as None)","","True","True","Not applicable","False","","","","","",""
"2023-04-24 12:43:37","2023-04-24 12:46:01","Survey Preview","","100","143","True","2023-04-24 12:46:05","R_1gI6Jm5Fjy8g0xF","","","","","51.5145","4.4331","preview","EN","5","Original","Weight as an Embodiment of Importance","1","True","True","False","True","Not applicable","Not Apllicable (only report this if psychometric evidence would not be possible for this measure, otherwise report as None)","","True","True","Not applicable","False","","","","","",""
"2023-04-24 13:04:51","2023-04-24 13:07:17","Survey Preview","","100","145","True","2023-04-24 13:07:19","R_1dc2Z97vj0l0hqE","","","","","51.5145","4.4331","preview","EN","5","Original","Increasing and Decreasing Motor and Cognitive Output: A Model of General Action and Inaction Goals","1","True","False","True","True","False","None","","False","True","Not applicable","False","","","","","",""
"2023-04-24 13:07:29","2023-04-24 13:08:12","Survey Preview","","100","43","True","2023-04-24 13:08:14","R_1eP0uwOtDC37eON","","","","","51.5145","4.4331","preview","EN","5","Original","Increasing and Decreasing Motor and Cognitive Output: A Model of General Action and Inaction Goals","2","True","False","False","True","False","None","","False","True","Not applicable","False","","","","","",""
"2023-04-24 13:08:27","2023-04-24 13:10:56","Survey Preview","","100","149","True","2023-04-24 13:10:58","R_2OYJSL6gD3lBLhf","","","","","51.5145","4.4331","preview","EN","5","Original","Increasing and Decreasing Motor and Cognitive Output: A Model of General Action and Inaction Goals","1","False","True","False","True","Not applicable","Not Apllicable (only report this if psychometric evidence would not be possible for this measure, otherwise report as None)","","Not applicable","Not applicable","Not applicable","False","","","","","",""
"2023-04-24 13:11:06","2023-04-24 13:11:44","Survey Preview","","100","37","True","2023-04-24 13:11:45","R_tMuXpU6fvkYyEqB","","","","","51.5145","4.4331","preview","EN","5","Original","Increasing and Decreasing Motor and Cognitive Output: A Model of General Action and Inaction Goals","2","False","True","False","True","Not applicable","Not Apllicable (only report this if psychometric evidence would not be possible for this measure, otherwise report as None)","","Not applicable","Not applicable","Not applicable","False","","","","","",""
"2023-04-24 13:12:57","2023-04-24 13:16:13","Survey Preview","","100","195","True","2023-04-24 13:16:15","R_7370tRgUPeB35xT","","","","","51.5145","4.4331","preview","EN","5","Original","The Effect of Global Versus Local Processing Styles on Assimilation Versus Contrast in Social Judgment","1","True","True","False","True","False","None","","True","True","True","True","No modification","No modification","No modification","No modification","True","True"
"2023-04-24 13:16:22","2023-04-24 13:18:59","Survey Preview","","100","157","True","2023-04-24 13:19:01","R_s6DzieDkOyo3iU1","","","","","51.5145","4.4331","preview","EN","5","Original","Detecting the Snake in the Grass Attention to Fear-Relevant Stimuli by Adults and Young Children","1","True","True","False","True","False","None","","True","True","Not applicable","False","","","","","",""
"2023-04-24 13:19:14","2023-04-24 13:23:06","Survey Preview","","100","232","True","2023-04-24 13:23:08","R_23V1MDuzu4HS3aC","","","","","51.5145","4.4331","preview","EN","5","Original","Why Do Implicit and Explicit Attitude Tests Diverge? The Role of Structural Fit","1","True","False","True","True","True","Other, namely:","convergent validitiy","True","True","Not applicable","True","No modification","No modification","No modification","No modification","True",""
"2023-04-24 13:23:14","2023-04-24 13:24:04","Survey Preview","","100","50","True","2023-04-24 13:24:07","R_3Mxwq12IgoI0NVD","","","","","51.5145","4.4331","preview","EN","5","Original","Why Do Implicit and Explicit Attitude Tests Diverge? The Role of Structural Fit","2","True","False","True","True","True","Other, namely:","convergent validitiy","True","True","Not applicable","True","No modification","No modification","No modification","No modification","True",""
"2023-04-24 13:24:24","2023-04-24 13:27:52","Survey Preview","","100","208","True","2023-04-24 13:27:53","R_1mhmUp5mlA24Joc","","","","","51.5145","4.4331","preview","EN","5","Original","Why People Are Reluctant to Tempt Fate","1","True","False","False","True","Not applicable","Not Apllicable (only report this if psychometric evidence would not be possible for this measure, otherwise report as None)","","True","True","Not applicable","False","","","","","",""
"2023-04-24 13:28:25","2023-04-24 13:34:45","Survey Preview","","100","379","True","2023-04-24 13:34:47","R_3kk9RoWsZFcZZOU","","","","","51.5145","4.4331","preview","EN","5","Original","A Needs-Based Model of Reconciliation: Satisfying the Differential Emotional Needs of Victim and Perpetrator as a Key to Promoting Reconciliation","1","True","True","True","True","False","None","","True","True","False","False","","","","","",""
"2023-04-24 13:35:16","2023-04-24 13:38:02","Survey Preview","","100","165","True","2023-04-24 13:38:04","R_2908H1jebvGC2lI","","","","","51.5145","4.4331","preview","EN","5","Original","A Social Functional Approach to Emotions in Bargaining: When Communicating Anger Pays and when it Backfires ","1","True","False","False","True","Not applicable","Not Apllicable (only report this if psychometric evidence would not be possible for this measure, otherwise report as None)","","True","True","Not applicable","False","","","","","",""
"2023-04-24 13:38:10","2023-04-24 13:40:27","Survey Preview","","100","137","True","2023-04-24 13:40:29","R_3PyNTStSbS9gd1F","","","","","51.5145","4.4331","preview","EN","5","Original","The Value of Believing in Free Will Encouraging a Belief in Determinism Increases Cheating","1","True","True","False","True","False","None","","False","False","False","False","","","","","",""
"2023-04-24 13:40:36","2023-04-24 13:41:31","Survey Preview","","100","55","True","2023-04-24 13:41:32","R_1JKPxSf8RDldiz4","","","","","51.5145","4.4331","preview","EN","5","Original","The Value of Believing in Free Will Encouraging a Belief in Determinism Increases Cheating","2","True","True","True","True","Not applicable","Not Apllicable (only report this if psychometric evidence would not be possible for this measure, otherwise report as None)","","True","Not applicable","Not applicable","False","","","","","",""
"2023-04-24 13:44:41","2023-04-24 13:46:40","Survey Preview","","100","119","True","2023-04-24 13:46:42","R_3iDag3hxGWsOtrw","","","","","51.5145","4.4331","preview","EN","2","Replication","INCIDENTAL ENVIRONMENTAL ANCHORS (Critcher & Gilovich, 2008, Study 2)","1","True","True","True","True","Not applicable","Not Apllicable (only report this if psychometric evidence would not be possible for this measure, otherwise report as None)","","True","True","Not applicable","True","True","True","True","True","No modification","No modification"
"2023-04-24 13:47:05","2023-04-24 13:49:12","Survey Preview","","100","127","True","2023-04-24 13:49:14","R_RIyZc1c5Z06585P","","","","","51.5145","4.4331","preview","EN","2","Replication","LIBERALS AND CONSERVATIVES RELY ON DIFFERENT SETS OF MORAL FOUNDATIONS (Graham, Haidt, & Nosek, 2009, Study 1)","2","True","True","True","True","False","None","","True","True","False","True","No modification","No modification","True","True","No modification","No modification"
"2023-04-24 14:00:27","2023-04-24 14:03:05","Survey Preview","","100","158","True","2023-04-24 14:03:07","R_3ikDFj7SbnBwBwL","","","","","51.5145","4.4331","preview","EN","2","Original","Liberals and Conservatives Rely on Different Sets of Moral Foundations","2","True","True","True","True","True","Exploratory Factor Analysis","","True","True","True","False","","","","","",""
"2023-04-24 14:03:15","2023-04-24 14:03:57","Survey Preview","","100","42","True","2023-04-24 14:03:59","R_23TiLscqZ6VoKyZ","","","","","51.5145","4.4331","preview","EN","2","Original","Liberals and Conservatives Rely on Different Sets of Moral Foundations","3","True","True","True","True","True","Exploratory Factor Analysis","","True","True","True","False","","","","","",""
"2023-04-24 14:04:05","2023-04-24 14:04:37","Survey Preview","","100","31","True","2023-04-24 14:04:39","R_1E0CQILRKJxvo2S","","","","","51.5145","4.4331","preview","EN","2","Original","Liberals and Conservatives Rely on Different Sets of Moral Foundations","4","True","True","True","True","True","Exploratory Factor Analysis","","True","True","True","False","","","","","",""
"2023-04-24 14:04:44","2023-04-24 14:05:11","Survey Preview","","100","26","True","2023-04-24 14:05:13","R_2bVtnfLf4UAtMii","","","","","51.5145","4.4331","preview","EN","2","Original","Liberals and Conservatives Rely on Different Sets of Moral Foundations","5","True","True","True","True","True","Exploratory Factor Analysis","","True","True","True","False","","","","","",""
"2023-04-24 14:05:51","2023-04-24 14:07:21","Survey Preview","","100","89","True","2023-04-24 14:07:24","R_OMWLGgKXnU48ILL","","","","","51.5145","4.4331","preview","EN","2","Replication","THE LOCAL-LADDER EFFECT AND SUBJECTIVE WELL-BEING (Anderson, Kraus, Galinsky & Keltner, 2012, Study 3).","3","True","True","True","True","False","None","","False","False","Not applicable","False","","","","","",""
"2023-04-24 14:07:41","2023-04-24 14:09:28","Survey Preview","","100","107","True","2023-04-24 14:09:30","R_2c5zVY5i2W1l11I","","","","","51.5145","4.4331","preview","EN","2","Replication","ASSIMILATION AND CONTRAST EFFECTS IN PART-WHOLE QUESTION SEQUENCES: A CONVERSATIONAL LOGIC ANALYSIS (Schwarz, Strack & Mai, 1991, Study 1)","2","True","True","True","True","Not applicable","Not Apllicable (only report this if psychometric evidence would not be possible for this measure, otherwise report as None)","","True","True","Not applicable","True","No modification","No modification","True","","No modification","No modification"
"2023-04-24 14:09:37","2023-04-24 14:12:04","Survey Preview","","100","147","True","2023-04-24 14:12:06","R_1dFZBTmv4cCR5aN","","","","","51.5145","4.4331","preview","EN","2","Replication","HOW WARM DAYS INCREASE BELIEF IN GLOBAL WARMING (Zaval, Keenan, Johnson & Weber, 2014, Study 3A)","2","True","True","True","True","Not applicable","Not Apllicable (only report this if psychometric evidence would not be possible for this measure, otherwise report as None)","","True","True","Not applicable","False","","","","","",""
"2023-04-24 14:12:29","2023-04-24 14:13:53","Survey Preview","","100","83","True","2023-04-24 14:13:54","R_1OZHiKYkJ72ZwoS","","","","","51.5145","4.4331","preview","EN","3","Replication","It feels like yesterday: self­esteem, valence of personal past experiences, and judgments of subjective distance (Ross, & Wilson, 2002, Study 2)","3","True","True","True","True","Not applicable","Not Apllicable (only report this if psychometric evidence would not be possible for this measure, otherwise report as None)","","True","True","Not applicable","False","","","","","",""
"2023-04-24 14:27:50","2023-04-24 14:29:08","Survey Preview","","100","78","True","2023-04-24 14:29:10","R_23fqPQuDnkEs00W","","","","","51.5145","4.4331","preview","EN","1","Original","the current state of american public opinion","1","True","True","True","True","Not applicable","Not Apllicable (only report this if psychometric evidence would not be possible for this measure, otherwise report as None)","","True","True","Not applicable","False","","","","","",""
