"ResponseId","Location","HAPPY","ANGRY","GENERAL ACTION","SPECIFIC ACTION","ACTION","SUM of ACTIONs","INACTION","NEUTRAL","Not FOUND","Blank","SAT1","SAT2","SAT3","SAT4","SAT5","SAT6","SAT7","SAT8","SAT9","SAT10","SAT11","SAT12","SAT13","SAT14","SAT15","SAT16","SAT17","SAT18","SAT19","SAT20","SAT21","SATTotal","Condition"
"R_0AFx6aDwqCDT6nL","Oregon",4,4,1,1,5,7,8,18,7,0,1,0,0,1,1,1,0,1,1,1,1,0,1,1,1,0,1,0,1,1,1,15,"inaction"
"R_0rN0C4q0xcMI1kl","Toronto",2,7,1,3,3,7,10,13,10,0,0,0,0,1,1,1,0,1,0,1,1,0,1,0,1,1,0,0,0,0,0,9,"inaction"
"R_0UhDK9Ta5hayEFj","Illinois",7,4,1,2,8,11,6,16,7,0,1,0,1,1,1,1,1,1,0,1,1,1,1,1,1,1,0,0,0,0,0,14,"inaction"
"R_10BMnSQBCkFIr0D","Toronto",7,4,0,1,6,7,10,14,2,7,1,0,0,0,1,1,0,0,0,0,1,0,1,0,1,0,1,1,0,0,1,9,"inaction"
"R_10JABBpDS88MExJ","Wesleyan",1,2,2,2,5,9,9,14,8,0,1,0,1,1,0,0,1,1,0,0,1,0,1,0,1,1,1,0,1,1,0,12,"inaction"
"R_10MhBwERb8laFs2","Toronto",4,4,2,1,6,9,9,13,9,0,0,0,0,1,1,1,0,1,0,0,0,0,0,0,1,1,1,0,1,1,1,10,"action"
"R_10OzOALrT0ceUlw","Oregon",5,1,0,1,4,5,11,19,1,4,0,1,0,1,1,1,1,1,1,0,1,1,1,1,1,0,0,0,0,0,0,12,"action"
"R_11Xt3KmtkSzMcem","Oregon",5,3,2,3,6,11,2,19,8,0,0,0,0,1,1,1,0,0,1,0,1,0,1,1,0,1,1,0,1,0,1,11,"action"
"R_126nBBpy45o4Qb9","Toronto",3,8,0,2,4,6,6,20,5,3,0,0,0,1,1,1,1,0,0,1,0,0,0,1,1,0,1,1,0,0,0,9,"action"
"R_12hWgdFBO8452eK","Illinois",4,4,1,4,6,11,8,15,6,0,0,0,1,0,0,1,0,0,0,0,1,1,1,1,0,1,1,1,1,1,1,12,"inaction"
"R_12LRYDgxP6XfHZh","Oregon",6,1,2,5,6,13,9,18,0,0,0,0,0,1,0,1,1,0,0,1,1,1,1,1,1,1,1,1,1,1,1,15,"action"
"R_12RVqvaK3kUxW2e","Oregon",8,2,1,6,5,12,8,16,4,0,0,1,0,1,1,0,0,0,1,1,0,1,1,0,1,1,1,0,1,1,1,13,"action"
"R_12seEfOPWt6fgs3","Oregon",4,1,0,3,5,8,7,13,3,9,0,0,0,1,0,1,1,0,0,0,0,0,1,0,0,0,1,1,0,0,0,6,"action"
"R_12u0GYtipM46aEQ","Illinois",3,4,3,4,4,11,8,13,7,1,0,1,0,0,0,1,0,0,0,0,0,0,0,0,1,1,1,0,0,0,0,5,"inaction"
"R_1C8GiMLPqcqj8yJ","Oregon",7,4,2,1,7,10,7,19,4,0,1,1,0,0,1,1,0,1,0,0,0,0,1,0,0,0,1,1,0,0,0,8,"action"
"R_1C8QzX0aoTBrA0r","Illinois",2,7,3,5,5,13,7,19,1,0,0,0,0,1,0,1,1,0,0,0,1,0,1,1,1,1,1,0,1,1,0,11,"action"
"R_1Cl1OVsTbnKtOH7","Wesleyan",8,2,2,3,4,9,6,20,2,3,0,1,0,0,1,1,1,1,0,0,1,1,1,1,1,1,1,1,1,1,1,16,"inaction"
"R_1CpAlUQcesQ5Vks","Oregon",6,4,2,1,5,8,6,16,10,0,1,0,0,1,0,1,1,0,1,0,1,0,0,0,0,1,1,0,1,1,1,11,"inaction"
"R_1CxyNXOE1D1jD98","Wesleyan",8,1,0,3,7,10,5,19,6,0,0,1,0,0,1,1,1,0,0,1,1,0,1,1,0,0,1,1,0,0,1,11,"action"
"R_1d46kv4JYJqqZAk","Wesleyan",6,5,2,3,6,11,10,17,2,0,0,0,0,1,1,1,1,1,0,1,1,1,1,1,1,0,1,0,1,1,1,15,"action"
"R_1DA3wytvwyOqjPK","Oregon",5,2,3,5,6,14,5,20,1,0,1,0,0,1,1,0,1,0,0,1,1,0,1,1,1,1,1,1,1,1,1,15,"inaction"
"R_1dGDzRRhp9qsEQu","Toronto",6,6,2,1,5,8,6,16,3,7,1,1,0,1,0,1,0,0,0,0,0,1,1,1,0,0,0,1,0,0,0,8,"inaction"
"R_1dlYE7vfJSaMNxL","Toronto",4,6,1,1,6,8,3,15,14,0,0,0,0,1,0,1,1,0,1,0,1,0,0,0,1,0,1,0,1,0,0,8,"action"
"R_1DtL09Byxy8a4ez","Oregon",7,2,1,4,2,7,7,18,8,0,0,0,0,1,1,1,1,1,0,0,1,0,1,0,0,0,1,0,0,1,0,9,"inaction"
"R_1EcalXA6veKV2rK","Oregon",7,1,3,1,5,9,10,19,2,0,0,0,0,1,1,1,1,0,1,0,1,0,1,1,1,1,1,0,1,1,0,13,"inaction"
"R_1Ed434E8VmTBiqo","Oregon",3,4,2,5,4,11,6,10,5,8,1,0,0,0,1,1,0,1,0,0,1,0,0,1,1,1,1,0,0,0,1,10,"inaction"
"R_1eQuZe2TaWtpH3x","Wesleyan",7,3,2,0,4,6,7,23,4,0,1,0,0,1,0,1,1,0,0,0,1,0,0,1,1,1,1,1,1,1,1,13,"inaction"
"R_1etb5avK01w0mTb","Oregon",7,1,2,3,5,10,7,16,6,1,0,1,0,1,0,1,1,0,0,0,0,0,0,0,1,0,1,0,1,1,0,8,"action"
"R_1eVjKgqkKQ5QSHv","Toronto",7,1,1,3,4,8,8,21,1,2,1,1,0,1,1,1,0,0,0,0,0,1,1,0,0,0,1,1,0,1,0,10,"inaction"
"R_1EZsC2OMSvhu4o6","Toronto",6,3,2,1,4,7,5,12,8,8,0,0,0,1,1,1,1,1,0,0,1,0,1,0,1,0,1,0,1,1,0,11,"action"
"R_1F2GFqFFYZUo2dX","Illinois",4,3,2,2,5,9,7,18,5,1,1,0,0,1,1,1,1,1,1,1,1,1,1,0,1,1,1,0,0,1,1,16,"inaction"
"R_1F2mJChk5UK8RQ3","Illinois",4,5,2,3,6,11,8,18,3,0,0,0,0,1,1,1,1,1,0,0,0,0,1,0,0,1,1,1,0,0,1,10,"inaction"
"R_1f33Y1UzSIVDwA5","Wesleyan",3,7,1,6,5,12,8,17,3,0,0,0,0,1,0,1,0,1,1,0,1,0,1,1,0,1,1,0,0,0,1,10,"inaction"
"R_1ff23VWoZAklNel","Toronto",4,1,2,5,5,12,9,13,5,1,0,0,0,1,0,1,0,0,0,1,0,0,1,1,0,0,0,1,0,0,0,6,"action"
"R_1FKFMdLllnTHKPZ","Illinois",7,1,0,1,7,8,6,18,8,0,0,0,0,1,0,1,0,0,1,0,0,0,1,1,0,1,1,0,0,0,0,7,"inaction"
"R_1Fmj8wiFEPQhEks","Illinois",3,2,3,0,6,9,8,16,6,1,0,0,1,0,0,1,0,1,1,0,0,0,1,0,0,1,0,1,1,0,0,8,"action"
"R_1FmkXjKooH8Cncb","Wesleyan",3,5,3,3,6,12,11,15,2,0,1,0,0,1,0,1,1,1,0,0,1,1,1,1,1,1,0,0,1,0,0,12,"action"
"R_1FP0baXiaV9Bfrs","Wesleyan",4,3,2,1,4,7,7,22,4,0,0,1,0,1,1,1,1,1,0,0,1,1,1,1,1,0,1,0,1,0,1,14,"inaction"
"R_1FSeDapeHStOicB","Oregon",5,3,1,0,1,2,6,13,19,0,0,0,0,0,1,0,0,0,0,0,0,0,0,0,1,0,0,0,0,0,1,3,"action"
"R_1g5BzPOwstAakPQ","Wesleyan",9,1,1,1,7,9,6,10,12,3,0,0,1,1,1,1,1,1,0,0,1,1,1,0,1,0,1,0,0,0,1,12,"inaction"
"R_1g7aB4VzVzk3ixH","Illinois",3,4,3,3,5,11,11,14,4,0,0,1,0,1,0,1,0,0,1,0,1,0,1,0,0,1,1,0,0,0,1,9,"action"
"R_1gApuFmWdy2fPvQ","Oregon",6,3,1,2,4,7,8,22,3,0,1,0,0,1,0,1,1,0,0,0,0,0,1,0,0,1,1,1,1,0,1,10,"inaction"
"R_1GBVGm00GuX7JR5","Oregon",6,4,0,4,1,5,6,20,4,5,1,1,0,1,1,1,1,0,0,0,1,0,1,0,1,1,1,1,0,1,0,13,"inaction"
"R_1gLSKUKrgPMafVv","Toronto",9,2,2,3,3,8,7,17,3,5,0,0,0,1,1,1,1,0,1,0,1,0,1,1,0,0,0,0,1,1,0,10,"inaction"
"R_1gO178JDLX2uWBU","Illinois",5,2,2,3,7,12,6,17,5,0,1,0,0,1,0,1,1,0,0,0,1,0,1,0,0,1,0,0,1,0,1,9,"action"
"R_1gqHNU4tTeeFm3t","Wesleyan",5,5,1,4,5,10,5,23,2,0,1,0,1,1,1,1,1,0,0,1,0,1,1,1,1,1,1,1,1,0,1,16,"inaction"
"R_1gvhVX6r5MMnQN5","Wesleyan",5,2,1,4,4,9,4,23,4,0,0,1,0,1,1,1,1,0,0,0,0,0,0,1,1,1,1,1,1,0,1,12,"action"
"R_1GvJ5Jm7Reawoo8","Illinois",6,2,1,1,5,7,8,20,2,3,0,0,0,1,0,1,1,0,1,1,1,0,1,1,1,1,1,0,1,0,1,13,"inaction"
"R_1GykhHEp53ngpPV","Wesleyan",6,1,2,4,6,12,6,20,2,0,0,1,0,1,1,1,1,0,0,1,1,0,1,1,1,1,1,0,1,1,1,15,"action"
"R_1HdTYw64vNbFcwS","Wesleyan",4,1,2,3,5,10,8,18,4,0,0,0,0,0,0,1,0,1,0,0,1,0,0,0,0,0,0,0,0,1,1,5,"inaction"
"R_1HiuLR34J1yTRNK","Illinois",6,2,1,4,5,10,4,23,3,0,1,1,0,1,1,1,1,0,0,1,1,1,1,1,1,1,1,0,0,1,1,16,"action"
"R_1HjezmuYazkMlIg","Wesleyan",4,1,0,5,4,9,12,14,5,0,1,0,0,0,1,1,1,1,0,1,1,1,1,1,1,0,1,0,0,1,1,14,"inaction"
"R_1hLK5nHkYgAxBja","Illinois",4,2,2,1,4,7,6,18,9,0,1,0,0,1,0,1,1,0,0,1,1,1,1,1,0,1,1,0,1,0,1,13,"action"
"R_1i3rR5PS8CuLLFq","Oregon",6,1,1,3,4,8,7,18,7,0,0,0,0,1,0,1,1,1,0,0,1,0,1,1,1,1,0,0,0,0,1,10,"action"
"R_1i84RSD7c0mvkcD","Wesleyan",8,1,1,4,2,7,8,23,2,0,1,0,1,1,0,1,1,1,1,1,1,1,1,1,1,0,1,1,1,0,1,17,"action"
"R_1IKMcoETpB7Jrx8","Wesleyan",5,3,5,3,4,12,4,20,4,0,0,0,0,1,0,1,1,0,1,0,1,1,1,1,1,0,1,0,1,1,1,13,"inaction"
"R_1ilMWlWnu0DlzzT","Illinois",5,1,1,3,5,9,5,12,5,9,0,0,0,1,1,1,0,0,1,0,1,1,1,0,1,1,1,0,0,1,1,12,"action"
"R_1Im866AIh8QQM5X","Oregon",5,7,0,4,5,9,6,11,12,2,1,0,0,0,1,1,1,1,0,0,1,0,0,0,0,1,1,1,1,1,0,11,"action"
"R_1injac2IIhrSphY","Oregon",7,1,2,1,2,5,5,12,18,0,0,1,0,0,0,0,0,1,1,0,1,0,1,1,1,1,1,1,0,1,1,12,"action"
"R_1IQOVFC7FMNwspa","Wesleyan",6,1,2,3,3,8,9,14,9,0,0,0,0,1,0,0,0,0,0,0,1,1,0,0,0,0,1,0,1,1,1,7,"inaction"
"R_1is2MyNWZJRwW3k","Oregon",7,2,0,2,3,5,6,16,10,3,0,0,0,0,1,1,0,0,1,0,0,0,1,0,0,0,0,0,0,1,0,5,"inaction"
"R_1j8OlB7YEMISRbA","Wesleyan",4,5,1,1,3,5,6,22,7,0,0,0,0,0,1,1,0,1,0,0,1,0,1,1,1,0,0,0,0,0,0,7,"action"
"R_1jiECm6Wpy7NNy8","Oregon",9,1,2,1,7,10,7,19,4,0,0,0,0,1,0,1,1,0,0,0,0,0,1,1,0,0,1,0,1,1,1,9,"inaction"
"R_1jrJXRaybKR5lPz","Toronto",7,1,1,2,2,5,3,15,11,6,0,0,0,1,1,0,1,0,1,0,0,0,0,0,0,0,1,1,0,0,1,7,"action"
"R_1JVJAMBN8yNl41U","Illinois",4,3,0,0,4,4,7,20,4,5,0,1,0,0,1,1,0,0,0,0,1,0,1,1,0,0,0,0,0,0,0,6,"inaction"
"R_1k1fjaVw4Uyl8rp","Toronto",6,2,1,3,5,9,7,15,3,6,1,1,0,0,0,1,0,0,0,1,0,0,1,0,0,1,1,1,1,1,1,11,"inaction"
"R_1k1hMnd1QtNJCsS","Wesleyan",5,5,1,0,6,7,5,8,4,16,0,0,1,0,1,1,0,0,0,1,1,1,1,0,0,1,1,0,1,0,1,11,"action"
"R_1KeeLP22p2fk818","Oregon",2,7,2,1,3,6,6,18,10,0,1,0,1,1,1,1,1,0,0,0,0,0,0,0,1,1,0,0,1,0,1,10,"action"
"R_1kSnShURqEU7diV","Oregon",4,2,4,1,4,9,3,17,11,0,0,0,0,0,1,1,0,1,1,0,0,0,1,1,0,1,0,0,1,0,0,8,"action"
"R_1LbCwcOGVuM5qtu","Wesleyan",5,1,1,5,3,9,4,24,1,2,1,0,0,1,1,1,1,1,0,1,1,1,1,1,1,1,1,0,1,0,1,16,"action"
"R_1lhrzAKQn1YYvbB","Toronto",5,1,2,5,2,9,4,15,1,11,0,0,0,1,0,1,1,0,0,0,0,0,1,0,0,0,1,1,0,0,0,6,"inaction"
"R_1LIF0OZd951SLlm","Illinois",4,4,3,1,4,8,9,20,3,0,0,1,0,1,1,1,0,1,1,0,1,1,1,0,1,0,0,1,0,0,1,12,"action"
"R_1LjqIELg3jLOpaL","Toronto",4,6,2,3,6,11,5,16,6,2,0,1,0,1,0,1,1,0,0,0,0,0,1,0,0,1,1,0,1,0,1,9,"action"
"R_1LM3VylZycv5Beo","Wesleyan",4,1,2,3,5,10,7,23,0,0,1,1,1,1,0,1,1,1,1,0,1,1,1,0,1,1,1,0,0,1,1,16,"inaction"
"R_1LNLBTNpTJM4RAP","Illinois",7,3,0,2,1,3,8,17,4,8,0,1,0,1,0,1,0,0,0,0,0,0,1,1,1,1,1,0,1,0,1,10,"inaction"
"R_1LnWtG4M7lz0rp9","Illinois",5,6,4,5,4,13,7,16,4,0,1,0,0,1,1,1,1,0,0,0,0,1,0,0,0,0,1,0,0,0,1,8,"inaction"
"R_1lrBEUIIrH6bLVr","Wesleyan",6,1,0,1,3,4,9,20,5,2,0,0,1,1,1,1,0,0,0,1,1,1,1,1,1,1,1,0,0,0,1,13,"inaction"
"R_1M4EgybvU5sBulE","Wesleyan",4,6,2,2,3,7,6,20,4,3,1,0,0,1,0,1,0,0,1,0,0,0,1,0,0,0,0,1,0,0,0,6,"action"
"R_1mDYA0Uwix7uVs5","Wesleyan",2,3,1,2,3,6,9,18,7,0,0,1,0,1,1,1,0,0,0,0,1,0,0,0,0,0,1,0,0,0,0,6,"inaction"
"R_1meYSjTK2osnn00","Wesleyan",7,3,1,3,6,10,6,20,2,2,0,1,0,1,0,1,1,1,0,0,1,1,1,0,1,1,1,0,1,0,1,13,"action"
"R_1MKQX9f1ljTNIsI","Wesleyan",7,1,2,2,5,9,5,19,7,0,0,0,0,1,1,1,1,1,1,1,1,1,0,1,1,0,0,0,1,0,1,13,"inaction"
"R_1mQ38p0lrnDhzGG","Oregon",8,3,3,3,5,11,3,17,9,0,1,0,0,1,1,0,0,0,1,0,1,0,1,0,1,1,0,0,1,1,1,11,"action"
"R_1MXpxzcZ2NYushG","Illinois",8,2,2,2,6,10,5,24,1,0,1,0,0,1,0,1,1,0,0,1,0,0,1,1,1,1,1,1,1,1,1,14,"action"
"R_1MZjpeviYpfU0Ak","Wesleyan",3,5,2,3,3,8,8,19,5,0,1,1,0,0,1,1,1,1,1,1,0,0,1,1,1,1,1,0,0,0,1,14,"action"
"R_1n6iYfVFK5rq4lQ","Wesleyan",7,2,1,3,3,7,8,22,3,0,1,1,0,1,0,1,0,1,0,1,1,0,1,1,1,0,1,0,1,1,1,14,"action"
"R_1n9ObsUztkiB1vh","Toronto",2,3,3,2,4,9,6,17,8,0,0,1,0,1,1,1,0,0,0,1,0,0,1,0,1,0,1,1,1,0,1,11,"inaction"
"R_1NDgLPr9qbb3poB","Illinois",1,1,1,2,8,11,5,20,4,0,1,0,0,1,1,1,0,1,0,1,1,1,1,1,1,0,1,1,1,1,1,16,"action"
"R_1nNjRtdGCDk3w7E","Toronto",6,1,1,2,7,10,4,15,2,9,0,0,0,1,0,1,1,0,0,0,1,1,1,1,1,1,1,0,1,0,1,12,"inaction"
"R_1NqsEkVrqfjPicS","Illinois",6,1,0,0,2,2,3,21,4,10,0,0,0,1,1,1,0,0,1,0,1,0,1,1,0,0,0,0,1,0,0,8,"inaction"
"R_1nYOJA3gy6X0tmb","Oregon",5,1,2,3,3,8,5,17,10,0,0,0,0,1,0,1,0,0,0,1,1,0,0,1,0,0,1,0,0,0,0,6,"action"
"R_1o0utBb74QbrTph","Illinois",6,1,3,2,4,9,7,19,5,0,1,1,0,1,0,1,1,0,1,1,1,0,0,1,1,1,1,1,1,1,1,16,"action"
"R_1omWOSyzJBDpBEC","Oregon",7,1,1,0,4,5,7,23,5,0,1,0,0,1,1,1,1,0,1,0,0,0,0,0,1,0,1,0,0,0,1,9,"inaction"
"R_1onbPSaDbfyIcke","Wesleyan",3,3,0,3,5,8,9,21,2,0,1,1,1,1,1,1,1,1,0,1,1,1,1,1,1,1,1,0,1,1,1,19,"action"
"R_1OvPTC3mu0Ae3SB","Illinois",7,2,2,0,7,9,7,20,4,0,1,0,0,1,1,1,1,0,0,1,1,0,1,0,0,1,0,0,0,0,0,9,"inaction"
"R_1Oy0afhEqSn1B1I","Toronto",6,1,3,1,6,10,7,14,9,0,1,1,0,1,1,1,1,0,1,1,0,0,1,1,0,1,1,1,1,0,1,15,"action"
"R_1ozKaZdXjl29WOW","Oregon",5,4,4,2,6,12,8,16,3,1,1,1,0,1,1,1,1,0,0,0,1,0,1,1,1,0,1,0,1,0,1,13,"action"
"R_1Pc5MmjS9S3nAbh","Oregon",3,2,3,4,1,8,8,14,10,0,1,1,0,1,1,1,0,0,1,0,0,0,1,1,0,0,0,0,0,0,0,8,"inaction"
"R_1pPOHXp9OINAyAM","Oregon",7,2,0,1,3,4,4,17,7,8,1,0,0,1,0,0,1,0,0,0,0,0,0,0,1,1,0,1,1,0,0,7,"inaction"
"R_1pSijhzQEpxctEY","Toronto",6,3,3,1,5,9,7,16,4,4,0,0,0,0,0,0,0,0,1,0,0,0,1,0,0,1,1,1,0,0,0,5,"inaction"
"R_1pxGF3Po7J5ZbB4","Oregon",3,3,3,3,4,10,6,21,3,0,0,0,0,1,1,1,1,1,0,1,1,0,1,0,1,1,1,1,1,1,1,15,"inaction"
"R_1pXu3KbvwvQ6v5z","Oregon",6,2,2,4,4,10,11,12,5,2,0,1,1,1,1,1,0,0,1,1,1,1,1,1,0,1,1,0,1,0,1,15,"inaction"
"R_1Q4ytpoo0Evljmx","Toronto",3,5,1,1,3,5,1,9,5,20,0,0,1,0,0,1,0,1,0,0,0,0,0,1,0,0,1,1,0,0,0,6,"inaction"
"R_1QDDXuoHIFfv4fI","Illinois",4,4,1,0,4,5,2,6,5,22,1,0,0,1,0,1,1,0,0,0,0,0,0,0,0,1,1,1,0,0,0,7,"inaction"
"R_1qdPiYdeEbHrWcs","Toronto",7,1,0,2,3,5,6,18,1,10,1,1,0,1,0,1,0,0,0,0,1,0,1,0,1,1,0,0,0,1,0,9,"action"
"R_1Qfj6qv6V6zihE6","Toronto",5,5,4,3,3,10,8,10,9,3,0,1,0,1,0,0,1,0,0,1,0,0,1,1,0,1,1,1,0,1,1,11,"action"
"R_1QLVGsbu8cHcDKm","Toronto",4,4,2,0,3,5,4,20,10,1,0,0,0,1,1,1,0,0,0,1,1,0,0,0,0,0,0,0,0,0,0,5,"inaction"
"R_1rJ0fb2L4J1LZP1","Toronto",3,2,0,2,6,8,6,13,9,4,1,0,0,0,1,1,0,0,1,0,0,0,1,0,0,1,1,0,0,0,0,7,"inaction"
"R_1rJpgKOkZXNGLyz","Wesleyan",6,4,1,4,6,11,9,16,3,1,0,0,0,1,0,1,1,0,0,1,1,0,1,0,1,0,1,0,0,0,1,9,"action"
"R_1rjpLyftsdGTaAU","Oregon",5,4,4,2,7,13,7,17,3,0,1,1,0,1,1,1,0,1,0,1,1,1,1,0,0,0,0,1,0,0,1,12,"action"
"R_1rPaRlVtYpod5Ln","Wesleyan",5,1,1,3,4,8,7,20,5,0,0,1,0,1,1,1,0,1,0,1,0,0,1,0,1,0,1,1,1,0,0,11,"inaction"
"R_1rr05qhh8vErVbi","Oregon",5,1,0,1,8,9,11,19,1,0,1,0,0,1,0,1,1,1,0,0,1,0,1,1,1,1,1,0,1,1,1,14,"inaction"
"R_1rvO1rAprZ6st3y","Illinois",6,2,1,1,6,8,8,17,7,0,0,1,0,1,1,1,0,1,0,1,0,0,0,0,0,1,1,0,0,0,1,9,"action"
"R_1SIL4Eztf5k3Wnf","Oregon",6,2,4,6,4,14,9,14,2,1,0,0,0,0,0,1,1,0,0,0,1,0,1,1,1,1,1,0,1,0,1,10,"inaction"
"R_20hatpYI2ZU4Ou5","Oregon",3,4,1,2,8,11,9,13,7,0,1,0,0,0,0,1,1,0,1,0,1,0,1,1,1,1,1,0,1,0,1,12,"action"
"R_20P2YNTlzsE2uER","Oregon",3,5,1,3,6,10,6,15,9,0,1,0,0,1,1,1,0,1,0,0,1,0,1,1,0,1,1,0,0,0,1,11,"action"
"R_20VDhk7zY9dlNKG","Toronto",4,6,1,2,8,11,7,20,2,0,0,1,0,1,0,1,1,0,0,1,1,0,1,0,1,0,1,0,1,0,0,10,"action"
"R_21GHKSmJBs39XkW","Wesleyan",4,1,2,3,6,11,9,18,1,1,1,0,0,0,1,1,1,0,0,1,1,0,1,1,1,0,1,0,1,0,0,11,"inaction"
"R_22E8KWJRiYqFVdn","Oregon",9,2,1,4,6,11,6,22,1,0,0,0,0,1,0,1,1,0,0,0,0,1,1,0,0,0,0,1,1,1,0,8,"inaction"
"R_22K3UwgHU5F34Y9","Oregon",3,5,1,3,5,9,7,13,8,3,0,1,0,0,0,0,1,0,0,0,1,0,1,1,1,0,0,0,1,0,0,7,"inaction"
"R_22snlWiTrbC1BV4","Toronto",6,2,2,2,5,9,5,16,7,3,0,1,0,1,0,1,1,1,0,1,1,0,1,1,1,1,1,0,1,0,1,14,"inaction"
"R_23gfYBSR5yZgbwE","Illinois",5,6,1,4,5,10,8,20,1,1,0,1,0,1,1,1,1,1,1,0,1,1,1,1,1,0,1,0,0,1,1,15,"inaction"
"R_23VHh69iTsjweIk","Oregon",7,1,3,2,6,11,2,26,1,0,1,0,0,0,0,1,1,0,0,0,0,0,1,0,1,0,1,0,1,0,1,8,"action"
"R_247SeLbvIMkf1Ml","Oregon",1,3,1,3,6,10,6,22,1,1,0,1,0,1,1,1,0,1,0,0,1,1,1,0,1,0,1,0,1,1,1,13,"inaction"
"R_24C60EhqW87uAt8","Oregon",3,7,5,2,5,12,6,20,2,0,1,0,0,1,0,1,0,0,0,0,1,0,1,1,0,1,1,0,1,1,0,10,"action"
"R_24D8psuE6daar8u","Toronto",5,3,1,0,2,3,4,10,10,13,0,0,0,1,1,0,0,0,1,0,0,0,0,0,0,1,1,1,0,0,0,6,"inaction"
"R_25sf5q3VFCMSGyE","Toronto",6,1,2,5,3,10,9,13,2,6,1,0,0,1,0,1,1,0,0,0,1,1,1,1,0,1,1,1,1,1,1,14,"inaction"
"R_25zPqEH5MxuWTx5","Illinois",1,2,2,4,8,14,7,15,4,0,0,1,0,1,1,1,0,1,0,0,0,1,1,0,0,0,1,0,0,1,1,10,"action"
"R_26i4BuvQ6wwNdJV","Toronto",2,1,0,2,6,8,8,11,6,7,0,1,0,1,1,0,1,0,1,1,0,0,0,0,0,0,0,0,0,0,0,6,"action"
"R_26nIeV0398cY5J4","Toronto",6,2,2,3,4,9,8,18,5,0,0,1,0,0,0,1,0,0,0,0,0,0,1,1,0,1,0,0,1,0,1,7,"action"
"R_27J38PK2thvBAY5","Illinois",7,1,3,2,6,11,10,19,0,0,1,1,0,1,0,1,1,0,0,1,1,0,0,1,1,0,1,1,1,0,1,13,"action"
"R_27kbmmDXJY7Dzi4","Oregon",8,1,0,1,8,9,5,18,3,5,0,0,0,1,0,1,1,0,0,0,1,0,0,1,0,1,0,0,1,0,0,7,"inaction"
"R_27pSGiV7EgBOMB3","Oregon",7,1,0,5,5,10,9,16,5,0,0,1,0,0,0,1,1,0,0,0,1,0,0,1,1,0,1,0,0,0,1,8,"inaction"
"R_27qhbIzpt4vqbYT","Illinois",6,1,2,3,4,9,9,20,2,0,0,0,0,1,1,1,0,1,0,1,1,1,1,0,1,1,1,0,0,0,0,11,"inaction"
"R_28GsPZW1a9fMdcO","Oregon",5,6,3,1,7,11,9,14,3,3,1,0,0,1,0,0,0,0,0,0,0,0,0,0,0,0,0,0,0,0,1,3,"inaction"
"R_28MORtEzCVMuurn","Toronto",5,5,1,1,1,3,4,11,14,8,0,0,0,0,0,0,0,0,0,0,0,0,1,1,1,1,1,0,1,1,1,8,"action"
"R_28MSTIH4wNW8y5s","Illinois",3,3,1,6,3,10,10,18,2,0,0,0,0,1,1,1,0,0,0,0,1,0,1,0,0,1,1,0,1,1,1,10,"inaction"
"R_2906YIPgrjI262Y","Oregon",3,4,3,3,4,10,10,14,6,0,0,0,0,1,0,1,1,0,0,1,0,0,0,1,1,1,1,0,0,0,1,9,"action"
"R_294YAkecDTwmVE3","Toronto",7,5,3,3,5,11,8,12,1,8,1,0,0,0,0,1,0,0,0,0,0,0,1,0,0,0,0,1,1,1,1,7,"inaction"
"R_296Qsin3yB7xwuX","Oregon",4,5,2,5,7,14,8,14,4,0,0,0,0,0,1,1,1,0,0,0,0,1,1,0,1,1,0,0,1,1,0,9,"inaction"
"R_29nByBlZM1UTMlU","Illinois",5,3,1,3,6,10,7,19,4,0,1,0,0,1,0,1,1,0,0,0,0,0,1,1,0,0,0,0,1,0,0,7,"action"
"R_29nvNDOMsk1h1rV","Oregon",4,6,1,5,4,10,5,21,4,0,1,0,0,0,1,1,1,1,0,0,1,1,1,1,1,0,1,0,1,1,1,14,"action"
"R_29plw0BVwRQ0ws4","Oregon",2,9,1,0,6,7,8,18,7,0,1,1,0,1,0,1,1,1,1,0,1,0,1,0,1,0,1,1,1,0,1,14,"inaction"
"R_2aKAPJUVDpVsBvn","Toronto",6,4,2,2,6,10,7,23,0,0,0,1,0,1,0,1,0,1,0,0,1,1,1,1,1,1,1,0,1,1,1,14,"action"
"R_2AL9cWueIhESuXj","Illinois",6,1,1,4,6,11,6,16,7,0,0,0,0,1,0,1,0,0,0,0,1,0,0,0,0,1,1,1,0,1,0,7,"action"
"R_2aOBAqNlNxk6cDi","Oregon",3,4,2,2,6,10,6,16,5,3,0,0,1,1,1,0,1,0,1,1,1,1,1,0,1,1,1,1,1,0,0,14,"action"
"R_2arDpOvSFJE6nvH","Toronto",7,2,1,1,4,6,3,21,10,0,0,0,0,1,0,1,0,1,1,0,0,0,1,0,0,1,1,1,1,0,1,10,"inaction"
"R_2ARPgAK1DKJahOR","Toronto",6,4,0,3,5,8,3,19,9,1,1,0,0,0,1,1,1,0,0,1,0,0,1,0,1,1,1,0,1,0,1,11,"inaction"
"R_2axG2w4vqJdSwTq","Illinois",8,1,1,2,2,5,10,22,3,0,0,1,0,1,0,1,0,0,0,1,0,1,1,1,1,1,1,0,0,0,1,11,"inaction"
"R_2BeApbHdoJakKII","Oregon",7,3,4,0,5,9,7,21,1,2,0,0,0,0,1,0,1,0,0,1,0,0,1,1,0,0,1,1,0,0,1,8,"inaction"
"R_2BeAu3mzLdA9s8O","Oregon",8,1,3,4,7,14,8,18,0,0,1,0,0,0,0,1,0,0,0,1,1,1,1,1,1,0,1,1,1,0,1,12,"action"
"R_2Bg78G5ZdkQCGac","Illinois",6,1,2,0,7,9,7,18,5,1,1,0,1,1,0,1,1,1,0,0,1,0,1,1,1,1,1,0,1,1,1,15,"inaction"
"R_2bTMYcMoOXJW61E","Oregon",6,2,2,1,4,7,8,21,4,0,1,1,0,1,1,1,1,0,0,1,1,1,1,1,1,1,0,0,1,0,1,15,"action"
"R_2CInxkYNUU6doza","Toronto",7,5,4,2,5,11,5,19,5,0,1,1,1,0,1,1,0,1,0,0,0,0,1,0,1,1,1,0,1,0,1,12,"action"
"R_2cpwAtCS3UaYZg4","Toronto",6,5,1,1,4,6,7,14,0,13,0,0,0,1,0,1,0,0,0,0,1,0,1,0,0,0,1,1,1,0,0,7,"inaction"
"R_2CvwO6f3tJchRvK","Illinois",5,3,0,2,3,5,6,16,5,8,0,0,0,1,1,1,1,0,1,0,0,0,1,0,0,0,1,1,1,0,1,10,"action"
"R_2cwNqQUuabF3fHl","Oregon",7,2,2,1,3,6,4,16,9,5,0,0,1,1,0,1,1,0,0,0,1,0,1,1,0,0,0,0,1,0,1,9,"action"
"R_2D2GkRvpZJdcqWu","Toronto",6,1,2,1,3,6,4,21,4,5,1,0,0,1,1,1,1,0,0,0,1,1,1,0,1,1,1,0,1,0,1,13,"action"
"R_2dAWrY1w8jVR4Rf","Oregon",4,1,2,3,5,10,9,16,5,0,0,1,0,0,1,1,1,0,0,0,1,1,1,1,1,1,1,0,0,0,1,12,"inaction"
"R_2dp975neaI9RedT","Oregon",5,1,2,3,7,12,6,15,6,1,0,0,0,1,1,1,1,0,1,1,1,0,1,1,1,0,1,1,0,0,1,13,"action"
"R_2DTQJkfAsDK7X2z","Toronto",5,5,2,2,4,8,7,15,4,6,1,1,0,0,0,0,0,0,0,0,1,0,1,0,0,1,1,0,1,0,1,8,"inaction"
"R_2duXg4nLg63yhuW","Toronto",8,2,1,3,6,10,6,13,3,8,0,0,0,1,0,1,1,0,1,1,0,0,1,0,0,1,0,0,0,0,1,8,"action"
"R_2dXeb2FmmESzxyK","Oregon",5,2,0,3,5,8,9,17,6,0,1,0,0,1,0,1,0,1,1,1,1,0,1,0,1,1,1,0,1,0,1,13,"inaction"
"R_2Eb275nEn9gXeEb","Wesleyan",5,5,2,2,4,8,8,22,1,1,1,0,0,1,1,1,1,1,1,1,1,1,1,1,1,0,1,1,1,0,1,17,"action"
"R_2EgvbTe7vTglJWC","Oregon",7,1,1,3,5,9,8,15,1,7,0,1,0,0,1,1,0,0,0,0,0,0,1,0,0,1,0,0,0,0,0,5,"inaction"
"R_2EmBqvxuUXwsWoS","Toronto",6,1,2,4,4,10,3,23,3,1,0,1,0,0,0,1,0,0,1,0,1,0,1,0,0,0,1,1,1,1,1,10,"inaction"
"R_2eX8JEzCEUkOAQ0","Oregon",3,3,1,8,1,10,6,13,11,0,0,1,0,1,1,1,1,0,0,0,0,0,1,1,1,0,1,0,1,0,0,10,"inaction"
"R_2EyNVq2EnbTCZL7","Wesleyan",4,2,1,2,6,9,6,18,7,0,1,0,0,1,1,1,0,1,0,0,1,0,1,1,1,0,1,1,0,0,1,12,"action"
"R_2f2uSdERwpFA9GD","Illinois",5,5,1,1,5,7,8,17,8,0,0,1,0,0,0,0,0,0,1,0,0,1,0,0,1,0,1,1,0,1,0,7,"action"
"R_2f6YS7XcFkNg7SC","Toronto",2,3,0,2,4,6,8,13,3,10,0,1,0,1,1,1,0,1,1,0,1,1,0,1,0,1,1,0,0,0,1,12,"action"
"R_2fKeU1fJkY1hjR8","Illinois",1,5,3,1,2,6,4,6,19,5,0,0,0,1,0,1,0,0,0,0,0,1,0,0,0,1,1,1,1,1,1,9,"inaction"
"R_2fy9K1w0jHWt6hC","Toronto",4,6,1,2,5,8,7,20,1,4,1,1,0,0,1,1,1,0,0,1,1,1,1,0,1,1,1,0,1,0,1,14,"action"
"R_2OH1IL97aeQjWm6","Oregon",6,1,1,2,5,8,6,15,11,0,0,0,1,0,1,1,0,0,0,1,1,0,1,0,0,1,0,1,1,0,0,9,"action"
"R_2PbBwgCyxEScpEo","Toronto",5,2,0,2,5,7,8,15,3,7,0,1,0,1,1,1,0,1,0,0,0,0,0,0,0,1,1,0,0,0,0,7,"inaction"
"R_2Pqekie0gXRctjt","Wesleyan",2,7,2,2,5,9,6,18,5,2,0,0,0,0,0,1,1,0,0,0,1,0,1,0,1,1,1,0,0,0,1,8,"action"
"R_2pVQufPmXR8TB8W","Illinois",5,2,2,3,7,12,10,16,2,0,1,0,0,1,1,1,0,0,0,0,1,0,1,0,1,0,1,1,1,1,1,12,"action"
"R_2PzEMKzgwvt5dM2","Toronto",6,5,5,0,6,11,8,14,1,6,1,0,0,1,1,1,0,0,0,0,0,0,1,0,0,1,1,1,1,1,1,11,"action"
"R_2qfQe6xOjdhree9","Wesleyan",5,2,2,5,5,12,12,16,0,0,1,1,1,1,0,1,1,0,1,0,0,1,0,0,1,1,1,1,1,1,1,15,"action"
"R_2qkh2W4vE2ezU94","Oregon",6,3,2,1,7,10,5,11,3,11,1,0,0,0,0,1,0,0,0,0,1,0,1,0,1,1,1,0,1,0,1,9,"action"
"R_2qknZlCpsmYl8aJ","Wesleyan",3,6,2,3,6,11,5,15,9,0,1,0,0,0,1,1,1,1,1,0,1,0,1,1,1,1,1,1,1,1,1,16,"action"
"R_2QmLjjhyGPNbr92","Toronto",1,8,1,3,7,11,9,12,1,7,0,0,0,1,1,1,0,0,0,1,1,0,1,0,0,0,1,1,1,0,1,10,"action"
"R_2QS2Hyk7Ly33JVF","Illinois",8,1,0,0,5,5,7,18,3,7,0,0,0,1,0,1,1,0,0,1,1,1,1,1,1,1,1,0,0,0,1,12,"inaction"
"R_2QSAaIgz0heylhS","Oregon",5,1,2,6,7,15,5,20,0,0,1,1,0,0,1,1,1,0,1,0,1,1,1,1,1,1,1,0,1,0,1,15,"action"
"R_2rC9QuIMgKkjxTl","Wesleyan",4,5,1,1,5,7,7,23,3,0,0,0,0,0,1,1,0,0,0,0,1,0,1,1,1,1,0,1,0,0,1,9,"action"
"R_2rhX8Rh00hm3mKa","Oregon",8,3,2,1,3,6,9,21,4,0,1,1,0,1,1,1,1,0,0,0,1,0,1,0,1,1,1,0,1,1,1,14,"inaction"
"R_2rJhegYpcnhepTb","Oregon",5,3,2,2,6,10,4,20,6,0,1,1,0,1,1,1,0,0,0,0,0,0,1,0,0,1,0,0,1,1,1,10,"inaction"
"R_2rl7RZ2T8NQRA9O","Oregon",6,4,1,2,4,7,6,19,0,8,1,1,0,1,1,1,1,0,0,0,0,1,1,1,1,1,1,1,1,0,0,14,"action"
"R_2RUJi3qbjoRA8sZ","Oregon",4,4,3,2,5,10,6,22,2,0,0,0,0,1,1,1,0,0,1,1,0,0,1,0,1,1,1,0,1,1,1,12,"action"
"R_2S1r5EGxlrxTIgI","Oregon",7,1,6,1,6,13,3,13,5,6,0,0,0,1,0,1,1,0,1,0,1,1,1,1,1,1,1,0,1,1,1,14,"action"
"R_2s4uLcURuEjyHZc","Oregon",4,5,2,2,4,8,6,16,10,0,1,1,0,1,0,1,1,0,0,0,1,0,1,0,1,0,1,1,1,0,0,11,"inaction"
"R_2S9yqwnebj9RJPD","Toronto",7,4,1,3,3,7,2,16,15,0,0,0,0,0,1,1,0,1,0,0,0,0,0,0,0,0,1,0,0,0,0,4,"inaction"
"R_2SCdX31KqbByHaS","Oregon",4,4,4,0,5,9,5,21,4,1,0,0,0,1,0,1,1,0,0,0,0,0,1,1,0,0,1,0,1,0,0,7,"inaction"
"R_2sX671KtMQf6m0P","Oregon",4,1,2,2,3,7,8,23,2,0,1,1,0,1,1,1,1,1,0,0,1,1,1,1,1,1,0,0,0,0,0,13,"inaction"
"R_2Sxg4qbB9sYZBEt","Illinois",7,1,2,3,7,12,9,16,3,0,1,0,0,1,0,1,1,0,0,0,1,1,1,0,0,1,1,0,1,1,0,11,"action"
"R_2tatPBkfuE3rTTE","Toronto",5,5,2,1,8,11,7,14,3,5,0,0,0,1,0,0,1,0,0,0,1,1,1,1,0,1,1,1,1,0,1,11,"action"
"R_2TEI5H9bik2gTCI","Oregon",6,2,1,0,5,6,5,10,9,10,1,0,0,0,1,1,0,0,1,1,0,0,0,0,0,1,0,1,1,1,0,9,"action"
"R_2tLMYHhjTrQe6RF","Oregon",6,5,1,3,7,11,8,18,3,0,1,1,0,1,0,1,1,0,0,0,0,1,1,1,1,1,1,0,1,1,1,14,"inaction"
"R_2tmyDlnRoauUste","Wesleyan",6,2,3,2,5,10,9,20,1,0,1,0,0,1,1,1,1,1,1,0,1,1,1,1,1,1,1,0,1,1,1,17,"inaction"
"R_2TMZWaEFjJOhpWM","Oregon",5,5,2,2,3,7,4,22,5,2,0,1,0,1,0,0,0,0,1,0,1,0,1,1,1,1,0,1,1,0,1,11,"action"
"R_2tneGsGFat4am1e","Wesleyan",9,1,5,4,5,14,7,16,2,1,1,1,0,1,1,0,0,0,0,0,0,0,1,1,0,0,1,0,1,0,0,8,"action"
"R_2TRYCkYbCeRsbW0","Oregon",8,2,1,3,3,7,6,14,13,0,1,1,0,0,1,1,1,0,0,0,0,0,1,0,1,0,1,1,1,0,0,10,"action"
"R_2TTA8Nzpo7j8T00","Oregon",3,2,0,2,1,3,11,16,8,2,0,0,0,1,1,1,0,0,0,0,0,1,1,1,0,0,1,0,1,0,1,9,"inaction"
"R_2Ttm3bzdfFnLkS9","Toronto",8,1,4,1,5,10,8,19,3,0,1,1,0,1,1,1,0,0,1,0,0,0,0,0,1,1,1,1,1,1,1,13,"inaction"
"R_2TXGP4C8jtEwMgQ","Oregon",7,1,2,3,5,10,4,13,13,0,0,0,0,1,1,1,1,0,1,0,0,0,1,0,0,0,0,1,0,1,0,8,"action"
"R_2U4qPu5wWVUfh7m","Toronto",9,2,0,2,7,9,10,15,5,1,0,0,0,1,0,0,0,0,0,0,1,1,1,0,0,0,1,0,1,0,1,7,"inaction"
"R_2U6oX8eZwmzPX63","Toronto",4,4,2,0,4,6,6,13,10,5,0,0,0,0,0,0,0,0,0,1,0,0,0,0,0,0,0,0,0,0,1,2,"action"
"R_2uqbG1TOtocbDAh","Illinois",6,4,1,3,2,6,7,25,2,0,0,1,0,1,0,1,1,0,0,1,1,0,1,1,1,0,1,0,1,1,1,13,"inaction"
"R_2uqWlNyH0DRm35M","Wesleyan",7,1,3,2,6,11,5,21,2,1,0,0,1,1,0,1,1,0,1,1,1,0,1,1,1,1,1,1,1,1,1,16,"action"
"R_2us63L5FDFPKInS","Illinois",4,1,2,4,4,10,12,12,6,0,1,1,0,0,0,1,0,1,0,0,0,0,1,0,0,0,1,0,1,0,1,8,"inaction"
"R_2uwE1sqUKrm41AH","Wesleyan",6,2,2,4,4,10,6,20,4,0,0,0,0,0,0,0,0,0,0,1,0,0,1,0,0,0,1,1,0,0,1,5,"inaction"
"R_2uxFwmdFmICuBBj","Toronto",3,4,3,0,2,5,5,8,6,16,0,0,1,1,0,1,0,1,0,0,0,0,0,1,0,0,1,0,0,1,1,8,"action"
"R_2V4nBt71W1Rjm5l","Oregon",4,4,3,2,3,8,9,15,8,0,1,1,0,1,1,1,0,0,1,0,1,0,1,1,1,1,1,0,0,1,1,14,"inaction"
"R_2v6oJfoOooxAAgR","Oregon",4,2,2,2,3,7,7,15,11,0,0,0,0,0,0,1,1,1,1,0,1,0,0,0,0,0,0,0,0,0,1,6,"inaction"
"R_2VqKYQxBKlLa3OH","Toronto",6,4,2,0,5,7,7,19,0,7,1,1,0,1,0,1,1,0,0,0,0,1,1,0,0,0,1,0,0,0,0,8,"inaction"
"R_2Vs9ePN2mTOPKCP","Wesleyan",2,7,0,6,5,11,9,13,5,2,1,1,1,1,1,1,0,0,0,0,1,1,1,1,1,1,1,1,0,0,1,15,"inaction"
"R_2wAj6nyZxkxcwh7","Oregon",5,5,1,2,3,6,8,17,7,2,1,0,0,1,0,1,1,0,0,0,0,0,1,0,1,1,1,0,1,1,1,11,"action"
"R_2WIFzZ903urgb9A","Toronto",5,4,2,2,5,9,6,19,4,2,1,0,0,0,1,1,1,1,1,0,0,0,1,0,0,0,1,0,1,0,1,10,"action"
"R_2wMKBYHQDz5PUtw","Wesleyan",8,3,2,0,4,6,7,18,9,0,0,1,0,0,0,1,1,1,0,1,1,0,1,1,1,0,1,0,1,1,0,12,"action"
"R_2wnwIjcrTM6SYSd","Oregon",6,1,2,7,4,13,5,20,2,0,1,1,0,1,1,1,1,1,0,0,1,0,0,1,1,1,1,0,1,0,1,14,"action"
"R_2wouJ0yWv4GpFyt","Illinois",7,1,5,2,4,11,7,18,4,0,1,1,0,1,1,1,1,0,0,0,0,0,0,0,0,0,1,0,1,0,1,9,"action"
"R_2WZI8VDgvxj1Q7u","Wesleyan",2,3,1,1,2,4,12,19,5,0,1,1,0,1,1,1,0,0,0,0,0,0,1,0,1,1,1,0,1,0,0,10,"action"
"R_2XalmzFBqV48F9C","Oregon",4,1,3,4,6,13,6,13,7,1,0,1,0,0,1,0,0,0,0,0,0,0,1,0,0,0,1,1,1,0,0,6,"inaction"
"R_2xEPYpYi8RDdHBw","Oregon",3,2,1,4,5,10,5,20,5,0,1,0,0,1,0,1,1,1,0,0,1,0,1,1,1,1,1,1,0,1,1,14,"inaction"
"R_2xPie7dUIyfogVI","Oregon",5,2,2,2,4,8,6,22,4,0,1,0,0,0,0,1,0,0,0,0,0,0,1,1,0,0,1,0,1,0,1,7,"inaction"
"R_2xVP2RTx9q9mX1Z","Toronto",4,5,3,2,4,9,4,14,5,8,1,1,0,0,0,1,0,0,0,0,0,0,1,0,0,1,0,1,1,0,1,8,"action"
"R_2xXjksvCkRfcG91","Oregon",5,5,2,3,0,5,8,21,1,5,1,0,0,1,1,1,1,0,0,0,1,0,0,1,1,1,1,0,1,1,1,13,"inaction"
"R_2xxtUOqrJpB7v82","Wesleyan",5,6,1,2,3,6,7,22,3,2,0,0,0,1,0,1,1,0,1,1,1,1,1,1,1,0,1,1,1,0,1,14,"action"
"R_2y17tSImcTk2gIf","Wesleyan",6,3,1,3,3,7,7,19,7,0,0,0,0,1,1,1,1,0,0,1,0,0,1,1,0,1,1,0,0,1,1,11,"inaction"
"R_2y3l40BrJ5hjLgA","Toronto",9,9,0,1,9,10,7,13,6,4,0,0,0,1,0,0,1,1,0,1,1,0,0,1,0,0,1,1,0,0,0,8,"action"
"R_2Y3sHjsBd02Zplr","Oregon",5,3,0,0,9,9,7,19,5,0,1,1,0,0,1,1,1,1,1,0,1,1,1,0,1,1,1,0,1,0,1,15,"inaction"
"R_2YD0RQVz3sADOg9","Toronto",4,6,1,3,7,11,9,14,3,3,0,0,0,1,0,1,1,0,0,0,1,0,0,0,1,1,1,0,1,1,1,10,"action"
"R_2YDmVPoyxEQsdG9","Oregon",5,3,2,2,7,11,8,13,8,0,1,1,0,1,1,1,0,0,0,0,0,1,1,1,1,0,1,0,1,0,1,12,"inaction"
"R_2YEyzg64Zg1DaYg","Oregon",1,5,0,3,7,10,7,20,3,0,0,0,0,1,1,0,1,0,1,0,0,0,0,0,0,0,1,1,0,1,0,7,"action"
"R_2yjD5pxNydU9vZL","Oregon",8,1,1,5,3,9,5,20,6,0,1,0,0,0,1,1,1,0,1,0,1,0,1,1,1,1,1,0,1,0,1,13,"inaction"
"R_2ykZDUXgoyoUDNw","Illinois",5,3,1,0,2,3,7,12,18,0,0,0,0,1,0,0,1,0,0,0,0,1,0,0,0,1,1,1,1,1,1,9,"inaction"
"R_2YlkwfMpxrBExC6","Wesleyan",3,4,2,5,6,13,10,15,1,1,1,0,0,0,1,1,1,0,0,0,1,0,1,1,1,0,1,1,1,1,1,13,"action"
"R_2ylWgK4hTqkZFl3","Illinois",6,2,0,3,6,9,8,14,9,0,0,0,0,0,1,1,1,0,0,0,1,1,1,1,1,1,1,1,1,1,1,14,"action"
"R_2YVYSsgs0PIoTtZ","Oregon",5,2,3,2,3,8,6,23,1,2,1,0,0,1,0,1,1,0,1,0,1,0,1,0,1,0,1,0,1,0,1,11,"action"
"R_2YVZBRwjPTBdI2W","Toronto",7,3,2,2,7,11,8,17,2,2,0,0,0,0,0,1,0,0,0,0,1,0,1,0,1,0,1,0,1,1,1,8,"action"
"R_2zAbREzvIe1LKhp","Illinois",9,2,1,4,5,10,9,18,3,0,0,1,0,1,0,1,1,0,0,0,0,0,0,0,0,0,1,1,1,0,1,8,"inaction"
"R_2zbYp8j4cSJy12O","Illinois",5,5,3,4,5,12,7,19,2,0,0,1,1,1,1,1,1,0,1,0,1,1,1,1,1,0,1,1,1,1,1,17,"action"
"R_2zc4zzA7aMUdHbD","Toronto",5,5,2,4,3,9,7,17,7,0,0,0,0,1,0,1,0,0,0,0,1,0,0,0,1,1,1,0,0,0,1,7,"action"
"R_2zey9nf8csH2TOe","Wesleyan",5,5,1,3,6,10,9,19,2,0,0,0,0,1,0,1,1,1,0,1,1,1,1,1,1,1,1,1,1,1,1,16,"inaction"
"R_2zH2eju593PHZpO","Oregon",8,2,3,1,3,7,7,15,7,4,0,0,0,0,1,1,0,1,1,0,0,1,0,1,1,0,0,0,0,1,0,8,"inaction"
"R_2zOcbThyVhby5yi","Oregon",8,2,2,1,5,8,7,19,6,0,1,1,0,1,0,1,1,0,0,0,0,0,0,0,0,0,1,1,0,0,1,8,"inaction"
"R_2ZP641nWzfNAuZJ","Illinois",3,2,1,5,4,10,7,20,2,1,0,1,0,1,0,1,1,1,1,1,1,1,1,1,1,1,1,1,1,1,1,18,"action"
"R_2ZPK0BP42uffYfL","Toronto",5,5,0,4,9,13,6,20,1,0,0,0,0,1,0,1,0,0,0,0,1,1,1,0,1,1,1,1,1,1,1,12,"action"
"R_2ZTvQVYyMrzpvoB","Wesleyan",4,2,3,2,5,10,8,19,3,0,0,0,0,1,0,1,1,1,1,1,1,0,1,1,1,1,1,0,1,1,1,15,"inaction"
"R_2ZWXnlp0NCm9pxw","Oregon",5,2,1,0,4,5,9,23,2,1,1,1,0,1,1,1,1,1,1,0,1,0,1,0,1,0,1,0,1,0,1,14,"inaction"
"R_3017CezDYpHqyna","Toronto",5,5,2,1,4,7,5,11,9,8,1,1,0,0,0,0,1,0,0,0,0,0,0,1,0,1,0,0,1,0,0,6,"action"
"R_302ewNgEEdwf8ig","Oregon",8,1,2,5,2,9,10,20,1,0,0,1,0,1,0,1,1,0,1,0,0,0,0,1,1,0,1,0,0,0,0,8,"inaction"
"R_302wZDgFk91DBHd","Oregon",4,4,2,1,4,7,7,16,10,0,1,0,0,1,0,1,1,0,0,0,0,0,0,0,0,1,1,0,0,0,0,6,"inaction"
"R_30krLJV3FgRuG2f","Oregon",7,9,2,2,6,10,4,15,11,0,1,1,0,1,0,1,1,0,1,1,1,0,1,0,1,0,0,0,1,0,0,11,"action"
"R_31ct4FAQK1JpWaw","Wesleyan",3,6,4,4,4,12,6,17,5,0,0,0,0,1,1,1,1,1,0,0,1,0,1,1,1,1,1,0,1,0,1,13,"inaction"
"R_31mi3qeE9SGDUv1","Toronto",2,1,2,3,5,10,8,17,4,1,1,0,0,0,1,1,0,0,1,0,1,0,1,1,1,0,0,0,0,0,0,8,"inaction"
"R_322NS9eae2dwzHR","Oregon",7,1,3,0,5,8,7,20,5,0,0,0,0,1,0,1,1,0,0,0,1,0,1,1,1,0,1,0,1,1,1,11,"action"
"R_32PmZM6tn14xNXL","Oregon",3,5,1,1,4,6,8,21,2,3,0,0,0,0,0,1,0,0,0,1,1,1,1,1,1,1,1,0,0,0,1,10,"inaction"
"R_32RDCbOYqs8wKVM","Illinois",5,5,1,5,5,11,9,17,3,0,0,1,0,0,0,1,0,0,0,0,0,0,0,0,1,0,0,0,0,0,0,3,"inaction"
"R_3312ssIF5LywKmu","Oregon",1,8,1,5,3,9,10,16,5,0,0,0,0,1,0,1,0,0,0,0,0,0,0,0,1,0,0,0,0,0,0,3,"inaction"
"R_33C6vnxz1qKeWjb","Toronto",9,1,2,4,6,12,6,20,2,0,0,1,0,1,0,0,1,0,1,0,0,0,0,0,0,1,1,1,1,1,1,10,"action"
"R_33dMAcnkuuXG9Vc","Toronto",5,1,4,1,7,12,8,13,5,2,0,1,0,1,0,1,0,1,0,0,0,0,1,1,0,0,0,0,0,1,0,7,"action"
"R_33swfWl1GvoEejG","Toronto",6,1,0,4,3,7,3,17,4,9,0,1,0,1,1,1,0,0,1,0,1,1,1,1,1,0,1,0,1,0,1,13,"action"
"R_33w0fhIdmHrA8df","Toronto",7,2,1,2,8,11,14,13,2,0,0,1,1,1,0,1,1,0,0,0,0,0,0,1,0,1,1,1,1,1,1,12,"action"
"R_38dgF8FiSVWajT3","Oregon",2,1,3,4,5,12,8,17,3,0,0,0,1,1,1,1,0,1,0,0,1,1,0,1,1,1,1,0,1,0,1,13,"action"
"R_3916TERXIdD0Slj","Wesleyan",4,2,2,3,7,12,8,17,3,0,1,0,0,1,1,0,0,1,0,0,0,0,1,1,1,0,1,1,1,0,1,11,"inaction"
"R_3CCR9hZtPVwPJE8","Wesleyan",5,5,4,6,6,16,3,20,1,0,0,1,0,1,1,1,1,1,0,1,1,0,1,1,1,1,1,0,1,1,1,16,"action"
"R_3dEQ1gTDJZAyGLm","Toronto",2,5,0,0,4,4,7,10,12,7,0,1,0,0,0,1,1,0,0,0,0,1,0,0,0,0,1,0,0,0,1,6,"inaction"
"R_3DijqJM1hch9A5H","Oregon",5,6,4,0,5,9,10,19,2,0,0,1,0,0,1,1,1,0,0,0,1,0,1,1,1,1,1,1,1,0,1,13,"inaction"
"R_3DopbHmNyLlczoh","Oregon",4,4,1,1,3,5,4,20,11,0,0,0,0,1,1,0,1,0,0,0,0,0,1,1,1,0,0,1,1,0,0,8,"inaction"
"R_3Dp70Qs4DxBZWe4","Illinois",1,5,0,4,4,8,7,19,6,0,1,0,0,1,0,1,1,0,0,0,1,0,1,1,1,0,0,0,1,0,0,9,"inaction"
"R_3dZljAxFlH3kzAE","Oregon",8,1,1,1,6,8,10,19,3,0,1,0,0,1,0,1,1,1,0,0,0,0,1,1,0,1,1,0,1,0,0,10,"inaction"
"R_3EtkSfNOD275q8z","Oregon",8,5,0,1,12,13,4,13,9,1,1,1,0,1,0,1,0,0,0,1,0,0,1,0,0,1,1,1,1,1,1,12,"action"
"R_3eylh7xYNHVSiOr","Wesleyan",5,2,2,1,4,7,7,25,1,0,0,0,0,1,1,1,1,0,0,1,0,0,1,1,1,1,1,0,1,1,1,13,"inaction"
"R_3f8ZdZ3ztdp20YF","Wesleyan",1,8,2,0,5,7,9,17,7,0,1,1,0,1,0,1,0,0,0,0,1,1,1,0,1,1,1,0,1,1,1,13,"inaction"
"R_3fB5jOwwjgBJzy0","Illinois",5,6,3,1,3,7,6,25,2,0,0,1,0,1,0,1,1,1,1,1,1,1,1,0,1,0,1,0,1,1,1,15,"inaction"
"R_3Fc4pDmY9N5W0zT","Illinois",4,4,4,4,5,13,5,19,1,2,0,0,0,1,0,1,0,0,0,0,1,0,1,0,0,0,1,0,1,1,0,7,"action"
"R_3fdhXoP0Ln2BjCo","Wesleyan",5,1,0,3,5,8,6,23,3,0,0,1,0,1,1,1,1,1,1,0,1,0,0,1,1,1,1,1,1,0,1,15,"inaction"
"R_3femJYBfVbe93MY","Oregon",5,5,2,3,6,11,8,13,2,6,1,0,0,1,1,1,0,0,1,0,1,1,1,0,1,0,0,0,0,0,0,9,"inaction"
"R_3FKAz4Ui76UwN8U","Oregon",6,4,0,6,5,11,10,17,2,0,0,1,0,1,0,1,0,0,1,0,1,0,1,1,0,1,1,1,1,1,1,13,"inaction"
"R_3fQ0mAxkCnh4Ups","Wesleyan",4,5,2,2,2,6,9,16,4,5,0,1,0,1,0,1,1,1,0,0,1,0,1,0,0,1,1,0,1,0,1,11,"inaction"
"R_3fT4tE5YshZ6tuj","Toronto",3,6,2,0,6,8,6,16,2,8,0,1,0,1,1,1,1,0,0,0,0,0,1,1,0,1,1,0,1,0,1,11,"inaction"
"R_3FX2BTTHWeA8b4F","Toronto",7,4,2,1,4,7,6,11,14,2,1,0,0,1,1,1,0,0,0,0,0,0,0,1,1,0,1,0,0,1,1,9,"action"
"R_3GqXG5ZtA55ovXS","Oregon",8,1,0,3,4,7,11,21,1,0,1,0,0,1,0,1,1,0,0,1,1,1,1,1,1,0,0,1,1,1,1,14,"inaction"
"R_3h44HijHtIbV6tb","Oregon",5,1,1,3,6,10,7,18,5,0,0,1,0,1,1,1,0,1,0,0,1,0,0,1,0,1,1,0,1,0,1,11,"inaction"
"R_3haRsWsGohMlpNI","Oregon",5,3,1,2,6,9,7,22,2,0,0,1,0,1,1,1,1,0,0,0,1,0,1,0,0,1,0,0,1,0,1,10,"action"
"R_3hbbhaJbf4Bb2IW","Illinois",2,7,1,2,4,7,7,14,12,0,1,0,0,0,1,1,0,0,1,1,0,0,0,0,0,0,1,0,1,0,0,7,"inaction"
"R_3hgBrTrwNFghRmM","Oregon",2,4,1,0,8,9,4,16,10,1,0,0,0,1,0,0,0,0,0,0,1,0,1,1,0,0,0,1,1,0,0,6,"inaction"
"R_3HGojWiUZ4aekw5","Wesleyan",6,2,0,0,6,6,7,19,8,0,1,1,0,1,1,1,1,1,0,1,1,1,1,1,1,1,1,0,1,0,1,17,"action"
"R_3HuzlKQBqEZxhTY","Wesleyan",4,2,2,1,5,8,9,20,1,2,0,1,0,1,0,1,0,0,0,0,1,1,1,1,1,0,0,0,0,0,1,9,"inaction"
"R_3I5buNs8aSuE0a3","Oregon",7,1,0,0,3,3,4,21,12,0,1,1,0,1,1,0,1,0,1,1,1,0,1,1,1,0,1,0,1,0,1,14,"inaction"
"R_3I74kLW8xsz5jy1","Wesleyan",5,2,2,2,5,9,9,15,0,7,1,0,0,1,1,1,0,1,0,0,1,0,1,1,1,1,1,1,0,1,0,13,"inaction"
"R_3iI6kTzSTbC2Ez1","Wesleyan",6,1,1,2,4,7,7,20,5,1,0,0,0,0,0,1,1,1,0,0,1,1,1,1,1,0,1,0,0,0,0,9,"inaction"
"R_3iW2v6aEVJbtkfv","Wesleyan",5,1,1,2,6,9,6,25,0,0,1,1,0,1,1,1,1,1,1,0,0,1,1,0,1,1,1,1,1,1,1,17,"inaction"
"R_3iwombyRuSiYUza","Wesleyan",9,1,0,3,5,8,6,24,2,0,0,0,1,1,1,1,1,1,1,1,1,0,1,1,1,1,1,0,1,1,1,17,"action"
"R_3J5h6oDSBs3egu1","Wesleyan",2,2,1,2,4,7,8,16,6,3,1,0,0,1,0,1,1,0,0,1,1,0,1,1,1,1,0,0,0,1,1,12,"inaction"
"R_3jcHGe50oQ9o7qM","Toronto",1,8,2,1,8,11,8,13,5,3,0,0,0,0,0,0,0,0,1,0,0,0,0,0,0,1,1,0,1,1,1,6,"inaction"
"R_3JemJzA05wUtNr0","Toronto",7,1,0,0,4,4,4,9,0,23,0,0,0,1,1,1,0,0,0,0,0,0,0,0,0,1,1,0,1,1,1,8,"inaction"
"R_3JfTRDEuY2S7hm1","Wesleyan",4,6,1,2,2,5,7,22,6,0,0,1,0,0,0,1,1,0,0,0,1,1,1,1,1,0,1,0,1,1,1,12,"inaction"
"R_3JKnOWAEx7x9FaA","Oregon",3,4,1,1,1,3,4,17,12,4,0,1,0,1,0,1,0,1,0,0,0,0,1,0,0,0,1,1,1,0,1,9,"inaction"
"R_3JKqd8nOHhY5ZiK","Toronto",8,1,1,2,1,4,6,11,8,11,0,1,0,0,0,0,1,0,0,0,1,0,1,1,0,1,1,1,0,1,1,10,"inaction"
"R_3jSu23tDt1IjORL","Toronto",3,3,0,1,2,3,4,9,3,21,0,0,0,1,1,0,0,0,1,0,0,0,1,0,0,0,0,0,0,0,0,4,"inaction"
"R_3jVb4FIrpz9EeKm","Oregon",4,3,2,1,10,13,6,20,1,0,1,0,0,1,1,1,0,1,1,0,1,1,1,1,1,0,1,0,0,1,0,13,"action"
"R_3kaK86D7E3Iff7e","Oregon",9,1,3,2,2,7,4,24,3,2,0,1,0,1,0,1,1,0,1,0,1,0,1,0,1,1,1,1,1,1,1,14,"action"
"R_3kGJdF74ESsqtIo","Illinois",5,5,1,1,4,6,4,24,6,0,0,1,0,1,1,1,0,0,1,0,1,1,1,0,0,0,0,1,0,0,0,9,"inaction"
"R_3KHlP21vjMmIyqy","Wesleyan",7,2,1,3,5,9,7,24,0,0,1,0,1,1,1,1,1,1,0,1,1,1,1,1,1,0,1,1,1,0,1,17,"inaction"
"R_3koL0n2NpUlbZJV","Illinois",5,1,1,3,4,8,7,13,7,5,1,1,0,1,0,1,0,0,0,1,1,1,1,1,1,1,1,1,1,1,1,16,"inaction"
"R_3KVdrgzkm3UCw6F","Toronto",4,3,2,3,4,9,5,17,8,1,0,0,0,1,0,1,0,0,0,1,1,1,1,1,0,1,1,0,1,0,1,11,"inaction"
"R_3kyXVJ9FquzWl9N","Illinois",4,3,1,2,7,10,6,14,10,0,1,1,0,1,0,0,0,1,1,1,0,0,1,1,0,0,0,0,0,0,0,8,"inaction"
"R_3lRgLkC6WoaPaj9","Toronto",6,3,1,0,2,3,6,14,8,9,0,0,0,1,0,1,0,0,0,0,0,0,1,0,1,0,1,0,0,0,1,6,"inaction"
"R_3M4KlfGTinT0hmj","Illinois",3,4,1,3,9,13,6,16,5,0,0,0,0,1,0,1,0,1,0,0,1,0,1,1,0,1,1,1,1,0,1,11,"action"
"R_3mftyksXPB8qlfu","Toronto",5,1,0,1,4,5,6,19,10,0,0,0,0,1,1,0,0,1,0,1,0,0,1,0,0,0,0,0,0,0,0,5,"inaction"
"R_3MnTjDpdqi3aYCM","Wesleyan",6,2,1,4,3,8,6,21,5,0,1,1,1,1,1,1,1,0,0,0,1,1,1,1,1,1,1,1,1,1,1,18,"inaction"
"R_3MQYljcIDDRZ2xT","Oregon",4,5,2,2,4,8,7,19,6,0,1,1,0,1,0,1,1,1,0,1,1,1,1,1,1,1,1,0,1,0,1,16,"inaction"
"R_3n6HLVZyqODn5rc","Wesleyan",3,4,2,4,9,15,10,13,2,0,1,0,1,0,1,1,1,0,1,1,1,0,1,0,1,0,1,0,1,0,1,13,"action"
"R_3nizq9yfmi1h7mn","Oregon",3,2,2,3,4,9,8,18,3,2,1,1,0,1,1,1,1,0,0,0,0,0,1,1,0,1,1,0,1,1,1,13,"inaction"
"R_3NKgKLRbR83nhgV","Toronto",6,1,2,2,5,9,6,21,4,0,0,0,0,1,0,0,0,0,0,0,1,0,0,0,0,1,1,0,1,0,1,6,"action"
"R_3nNwgECcCK0pzSm","Oregon",6,2,1,2,5,8,6,18,8,0,0,0,0,0,0,0,0,0,0,0,0,0,0,1,0,0,0,0,1,0,0,2,"action"
"R_3nPqrm9HFiZw75g","Wesleyan",1,7,3,0,5,8,9,19,4,0,0,1,0,1,0,1,1,0,1,0,1,1,1,1,1,1,1,1,1,0,1,15,"inaction"
"R_3NysYhtLZCblABN","Oregon",2,2,2,3,4,9,6,21,2,2,0,1,0,1,1,1,1,1,0,0,1,1,1,1,1,1,0,1,1,0,1,15,"action"
"R_3OcQXmTSJLWUwuu","Illinois",7,2,5,2,4,11,9,18,2,0,0,1,0,1,1,1,1,1,0,0,1,1,1,0,1,1,1,0,1,1,1,15,"inaction"
"R_3OfeGww2JFTRjVf","Oregon",8,1,3,0,4,7,4,22,7,0,0,0,0,1,1,1,1,0,0,0,1,0,1,0,0,0,0,1,1,1,0,9,"inaction"
"R_3Ol7vOmNtlwBZPm","Oregon",7,1,0,2,4,6,7,20,7,0,0,0,0,1,1,1,0,0,0,0,0,0,1,0,0,0,1,0,0,0,0,5,"inaction"
"R_3oRxyzGQ4ERpmLO","Toronto",5,1,2,1,7,10,5,14,10,1,1,1,0,1,1,1,0,0,0,0,0,0,0,1,0,1,1,1,1,1,0,11,"inaction"
"R_3oXbpnl3tR3qXOd","Oregon",4,3,1,1,0,2,7,16,15,0,0,0,0,0,0,1,1,0,0,1,0,0,1,0,0,0,0,0,1,0,1,6,"inaction"
"R_3oYHqngziB3nSq1","Wesleyan",6,1,1,2,1,4,6,20,2,8,0,0,0,1,1,1,1,0,1,0,0,1,1,0,1,0,1,0,1,0,1,11,"inaction"
"R_3P7FWokM4zra9zJ","Illinois",7,4,2,6,5,13,4,15,8,0,0,0,0,1,1,1,1,1,0,0,1,1,1,1,1,0,1,1,1,1,1,15,"inaction"
"R_3Pc74SeZu4fYBhm","Wesleyan",7,1,2,2,3,7,8,17,4,4,0,0,0,0,1,1,1,0,0,0,0,0,1,0,0,0,1,0,1,0,0,6,"inaction"
"R_3PGMBQW66FMs4KY","Oregon",6,1,2,4,6,12,8,14,6,0,1,1,0,1,0,0,1,0,0,0,1,0,1,1,1,1,0,0,1,0,1,11,"inaction"
"R_3ph7l5jXXoyOVg1","Toronto",7,3,4,2,5,11,6,18,2,3,1,0,0,1,1,1,1,0,0,0,0,0,1,0,1,1,1,0,1,1,1,12,"inaction"
"R_3PI6ExxNmXwlUKl","Oregon",6,1,3,4,4,11,8,15,6,0,0,1,0,0,0,1,1,0,0,0,1,0,1,0,1,0,0,1,0,1,1,9,"inaction"
"R_3pmU3gSqjyevvac","Toronto",5,3,1,0,4,5,9,16,7,3,0,0,0,0,0,1,0,0,0,0,0,1,0,0,0,0,0,1,0,0,1,4,"inaction"
"R_3PmYwFkaXqznnJ9","Oregon",7,3,3,2,3,8,5,20,7,0,0,1,0,1,1,1,1,0,0,0,1,0,1,1,1,0,1,1,0,1,1,13,"action"
"R_3Pq0inWfNgOIyBb","Toronto",6,6,1,1,1,3,6,12,13,6,1,0,0,1,1,1,1,1,0,1,1,1,1,1,0,1,1,1,1,0,1,16,"inaction"
"R_3q9lulw5sJzSEpJ","Toronto",5,1,1,2,5,8,10,15,3,4,1,0,0,1,0,0,0,0,0,1,0,0,0,0,1,0,0,0,0,1,0,5,"inaction"
"R_3q9yX9sV2cptBFK","Toronto",4,2,1,3,7,11,6,11,1,11,0,0,0,1,0,1,0,0,0,0,0,0,1,1,1,0,1,1,0,0,1,8,"action"
"R_3qaImMAjd9J9jXX","Oregon",3,6,1,1,5,7,6,23,4,0,0,1,0,1,1,1,0,0,0,1,0,0,0,1,1,1,1,1,1,0,1,12,"action"
"R_3qBUAWNWuf2Ixur","Toronto",4,2,1,0,2,3,5,17,5,10,0,0,0,1,0,1,0,0,0,0,0,0,0,0,0,1,0,0,0,0,0,3,"inaction"
"R_3QGBdCPYKLKLVdo","Oregon",4,1,1,0,8,9,6,17,8,0,0,1,0,1,0,1,0,0,0,0,1,1,1,0,0,1,1,0,1,0,0,9,"action"
"R_3QGi9LxjbXZN86f","Wesleyan",2,6,4,5,2,11,8,21,0,0,0,0,1,1,1,1,1,0,0,0,1,0,1,1,1,0,1,0,0,1,1,12,"action"
"R_3qgRaBIN3GHb2YF","Oregon",4,5,2,3,5,10,8,17,5,0,0,1,0,1,1,1,1,1,0,0,1,0,1,0,1,1,1,0,0,0,1,12,"inaction"
"R_3qmQigJQV7dC0Ov","Oregon",6,1,2,4,5,11,5,19,5,0,1,0,0,1,1,1,0,0,1,0,1,1,1,1,1,1,1,0,1,1,1,15,"action"
"R_3qPvTqztnKWYvyh","Oregon",4,4,1,2,4,7,6,15,11,1,1,0,0,1,0,1,1,0,1,0,0,1,0,0,0,1,0,0,1,0,0,8,"inaction"
"R_3qrHKgf218tbj9S","Wesleyan",5,3,3,1,6,10,7,22,0,1,1,1,1,0,0,1,0,0,0,1,1,1,1,1,1,1,1,0,1,0,0,13,"action"
"R_3qUyGGo7H69Bn37","Illinois",7,2,2,2,4,8,8,22,1,1,0,0,0,1,1,1,0,1,0,0,0,0,1,0,0,0,1,0,0,0,0,6,"inaction"
"R_3qxoEdjIC2xC8tm","Toronto",5,5,2,2,7,11,7,11,1,10,1,0,0,1,0,1,0,0,0,1,1,1,1,1,1,0,0,0,1,0,1,11,"action"
"R_3Ra9F1bJhnoRtC4","Toronto",7,3,1,2,3,6,8,5,2,19,1,1,0,1,0,0,0,0,0,0,0,1,1,0,0,1,1,1,1,1,1,11,"inaction"
"R_3RdXqd9gQ4PW35g","Toronto",1,1,0,1,3,4,4,14,6,12,0,0,0,0,0,0,0,0,0,1,0,0,1,0,0,0,0,1,1,0,0,4,"action"
"R_3rIZ0t1DNQbqUts","Toronto",6,6,1,3,4,8,5,24,3,0,1,0,0,0,1,0,0,0,1,0,1,0,0,0,1,1,1,0,1,0,1,9,"action"
"R_3rIZzjEOoZEQYcP","Oregon",6,4,1,1,5,7,6,14,13,0,0,0,0,0,1,0,1,0,0,0,0,0,1,0,0,1,0,1,0,1,0,6,"action"
"R_3rOjPyhrYBzY3e2","Wesleyan",5,1,3,3,4,10,7,21,2,0,0,0,0,0,0,1,0,0,0,0,1,0,1,0,0,0,1,0,1,0,0,5,"inaction"
"R_3s6L3JatLt7h35T","Oregon",5,5,2,1,3,6,3,14,2,15,1,0,0,1,1,1,0,1,0,0,1,0,0,1,1,1,0,0,0,1,0,10,"inaction"
"R_3sc8OZffFwHPAQC","Wesleyan",2,5,3,1,6,10,9,18,3,0,1,1,1,1,1,1,1,1,0,0,1,1,1,1,0,1,1,1,1,1,1,18,"inaction"
"R_4OpuyJbYFzFNkl3","Oregon",8,7,1,0,5,6,7,25,2,0,1,0,0,1,1,1,1,0,0,1,0,1,1,1,1,1,1,1,0,1,0,14,"action"
"R_4SIaix3DAjFKljz","Wesleyan",4,3,1,2,2,5,6,17,12,0,1,1,0,1,0,1,1,1,0,0,1,1,1,1,0,1,1,0,1,0,1,14,"action"
"R_4VH4gY6HyNo1zH3","Illinois",5,1,3,3,5,11,7,19,3,0,0,1,0,1,0,1,1,1,0,0,1,0,1,1,0,1,1,0,1,0,1,12,"action"
"R_54JeXGK5cz2R7nb","Toronto",5,2,1,4,3,8,12,19,1,0,1,0,0,1,1,1,1,1,1,1,1,1,1,1,1,1,1,0,1,1,1,18,"inaction"
"R_55Rna5vGlYpsRgJ","Oregon",3,6,3,3,6,12,6,15,7,0,0,1,0,0,0,1,1,0,0,1,1,1,1,1,1,1,1,1,1,0,1,14,"action"
"R_57lx149VYJcfeRr","Toronto",5,2,0,3,1,4,7,19,6,4,1,1,0,1,1,1,0,1,0,0,0,0,1,1,0,1,1,1,0,0,1,12,"action"
"R_5gvBTx0gLe23yw1","Toronto",7,2,3,0,8,11,7,17,3,2,1,1,1,0,0,1,1,0,0,1,1,0,1,1,0,1,1,0,1,1,1,14,"action"
"R_5hcwaVk1nGZ9FK1","Wesleyan",1,5,2,2,5,9,5,18,7,1,1,0,0,0,0,1,0,0,1,1,0,0,1,1,1,1,1,0,1,0,1,11,"action"
"R_5yWHRcliajd0I2R","Oregon",6,2,1,2,2,5,8,12,13,2,1,1,1,1,0,0,0,0,0,0,0,0,1,1,1,1,1,0,1,1,1,12,"action"
"R_5z5jr7kT2Z1Q1TH","Illinois",5,3,2,1,7,10,10,19,1,0,0,1,0,1,0,1,1,0,0,1,1,1,1,1,1,1,1,0,0,0,1,13,"inaction"
"R_6gHgpVp3CrsuK4N","Oregon",5,5,1,1,2,4,5,13,18,0,0,0,0,0,1,0,0,0,0,0,1,0,1,1,1,0,0,0,0,1,0,6,"inaction"
"R_6iejLocxW5GZM1X","Illinois",6,2,2,2,3,7,9,21,3,0,0,0,0,1,0,1,1,0,0,1,1,0,1,1,1,0,1,1,0,0,0,10,"action"
"R_6MvSKhOtxj8QjrX","Oregon",3,3,2,1,5,8,5,22,5,0,0,1,0,1,1,1,1,0,0,0,1,0,1,0,0,1,0,0,1,0,0,9,"action"
"R_6rsvUqgDWkqEOrv","Oregon",7,1,2,4,6,12,4,21,3,0,1,0,0,1,0,1,1,1,0,1,1,0,1,1,1,0,1,0,1,0,1,13,"action"
"R_6WE0zzxMgFBPyxP","Toronto",5,5,0,1,5,6,8,14,2,10,0,0,0,0,0,1,1,0,0,0,1,0,0,1,0,1,1,0,1,1,1,9,"inaction"
"R_72mNntCnhwWBDLr","Wesleyan",6,3,2,2,4,8,9,18,3,2,0,1,0,1,0,1,0,1,1,1,0,1,1,1,1,1,0,1,1,0,1,14,"inaction"
"R_7NyKnSGr8T8PdLP","Oregon",4,2,2,5,6,13,4,23,0,0,1,0,0,0,0,1,1,0,0,0,1,0,1,1,0,0,0,1,1,0,1,9,"inaction"
"R_7OFy8VrCE8RtrmF","Wesleyan",3,1,2,2,5,9,6,23,2,0,1,0,0,1,1,1,1,0,0,0,1,1,1,1,1,1,1,1,1,0,1,15,"action"
"R_7QiA41zs7zoBYDT","Oregon",2,6,1,1,7,9,8,16,7,0,0,0,0,0,1,1,1,1,0,0,0,0,1,0,0,0,0,1,0,0,0,6,"action"
"R_7UNnHzwueuJlYmB","Oregon",7,3,0,0,6,6,4,21,7,2,0,0,0,1,0,1,1,0,0,0,0,0,1,0,0,0,1,0,1,1,1,8,"inaction"
"R_8BuF8B8PHUlgRqx","Illinois",6,1,1,2,7,10,9,17,4,0,1,1,0,1,1,1,1,1,1,0,1,1,1,1,0,0,1,1,0,1,1,16,"action"
"R_8DfLhqR1IRDWVsB","Oregon",7,1,1,3,8,12,8,17,3,0,1,1,0,0,0,1,1,0,0,1,1,0,0,0,1,1,1,1,1,1,1,13,"action"
"R_8wByfKrQZdm9S7f","Wesleyan",4,2,2,3,6,11,6,17,3,3,0,0,1,1,1,1,1,0,1,1,1,1,1,1,1,0,1,1,1,1,1,17,"action"
"R_9NTDUWpWfDTMitP","Toronto",5,5,1,3,5,9,4,22,3,2,0,0,0,0,0,1,0,1,1,1,1,0,1,1,1,0,1,0,1,0,1,11,"action"
"R_9SwT9ThA2NeaGE9","Oregon",7,2,2,7,4,13,0,18,9,0,0,0,0,0,1,1,1,0,0,0,1,0,1,1,0,1,1,1,1,0,0,10,"inaction"
"R_9Tt6W4XvRFEfCBr","Oregon",2,5,1,2,3,6,7,16,3,8,0,1,0,1,0,1,1,0,0,1,1,0,1,0,1,0,1,0,1,0,1,11,"inaction"
"R_9zcc6jEHLvNumel","Oregon",4,1,0,1,2,3,7,19,11,0,1,1,0,0,1,1,0,0,1,0,0,0,1,1,0,1,1,0,0,0,0,9,"action"
"R_abjvkfi2zcckHpT","Oregon",6,2,0,1,7,8,9,17,6,0,1,1,0,1,0,1,0,1,1,1,1,1,1,1,0,1,1,0,1,1,1,16,"inaction"
"R_AjtOXbty3GqXEL7","Oregon",5,5,1,1,5,7,5,17,3,8,1,1,0,1,0,1,1,0,0,1,0,1,0,0,0,0,0,0,0,0,0,7,"action"
"R_AKSqV4NB0It4uWt","Illinois",5,5,0,2,4,6,9,11,14,0,0,0,0,1,0,1,0,1,0,0,1,0,1,0,0,0,0,1,0,0,0,6,"inaction"
"R_aWfIhmCiX9JDuaR","Illinois",3,3,0,1,6,7,8,21,4,0,0,0,0,1,0,1,1,1,1,0,0,0,1,1,1,1,1,0,1,1,1,13,"inaction"
"R_b48YjuXAmzcfr69","Oregon",2,6,2,1,3,6,8,21,5,0,1,0,1,1,1,1,0,1,1,1,1,1,1,1,0,0,0,1,0,0,1,14,"inaction"
"R_BJHKucg9Kh6QTQZ","Toronto",6,4,2,5,6,13,3,21,3,0,1,0,0,1,0,1,1,1,0,1,1,0,1,0,1,0,1,0,0,1,1,12,"inaction"
"R_BKveqIHEpATo5jP","Toronto",7,2,0,2,4,6,3,9,9,13,1,1,1,1,0,1,1,0,0,1,1,0,1,0,0,0,1,0,1,1,1,13,"inaction"
"R_bQ7bwMbD7QI9Sy5","Illinois",7,4,3,4,6,13,7,19,1,0,1,0,0,1,1,1,1,1,0,0,1,1,1,1,0,0,1,1,1,1,1,15,"action"
"R_byp0gOzDajkuwwx","Oregon",8,1,1,2,8,11,4,24,1,0,1,1,0,1,0,1,1,1,0,0,0,0,1,1,1,1,0,0,1,0,0,11,"action"
"R_C7EEPT5KteifoIx","Toronto",5,5,0,1,2,3,6,16,4,11,1,1,0,0,1,1,1,0,0,0,0,0,0,0,0,0,1,0,0,0,1,7,"inaction"
"R_cHHQ3ThsQRNPbu9","Toronto",6,2,2,1,3,6,5,22,4,3,0,1,0,1,1,0,0,0,0,0,0,0,0,0,1,1,1,0,0,0,1,7,"action"
"R_CjYU68PtTGcYdtT","Toronto",5,4,1,1,1,3,5,11,3,18,1,0,0,0,1,1,0,0,0,0,1,0,0,0,0,0,1,0,0,0,0,5,"inaction"
"R_CmlS3yg0UGMUAMx","Oregon",9,1,1,1,4,6,4,17,13,0,1,1,0,0,0,1,0,0,0,0,1,0,1,0,0,0,0,0,0,0,1,6,"action"
"R_cSFaPfx8WVo6N7H","Wesleyan",4,1,2,2,6,10,4,17,4,5,0,0,0,1,0,0,1,0,1,0,1,0,1,0,0,1,1,0,1,1,1,10,"inaction"
"R_cvyV38HDcodBCU1","Toronto",8,1,1,1,6,8,9,17,0,6,0,0,0,1,1,1,0,0,0,0,0,1,1,0,0,0,1,0,0,0,0,6,"inaction"
"R_d5X1whmnAM4hL9L","Toronto",1,1,0,1,5,6,7,12,3,12,0,1,0,0,0,0,0,0,0,0,0,0,1,1,0,1,1,1,0,0,1,7,"inaction"
"R_ddl43kI1EQ3LOo1","Toronto",5,5,2,1,4,7,8,13,4,8,1,0,0,1,1,1,0,0,0,0,0,0,1,0,0,0,0,0,1,0,1,7,"inaction"
"R_DdS1Tl7euZQwyQh","Illinois",1,1,1,3,5,9,6,21,2,2,1,0,0,1,0,1,1,1,0,0,1,1,1,1,1,0,1,0,0,0,1,12,"action"
"R_DeGMbZzusuzvUFb","Oregon",4,1,1,1,6,8,8,14,10,0,1,1,0,1,1,1,0,0,1,0,1,1,0,0,0,0,1,0,0,0,0,9,"inaction"
"R_DiTxLPVNMSQhAOJ","Oregon",6,7,4,7,4,15,9,16,0,0,1,1,0,1,0,1,1,0,0,1,1,0,1,1,1,1,0,0,0,0,1,12,"inaction"
"R_DjBrTDmlKcQmyMp","Toronto",5,6,0,1,5,6,7,12,15,0,0,1,0,0,1,0,0,1,0,1,0,0,1,0,0,1,0,1,0,1,0,8,"inaction"
"R_DTQGwRNBOcz8OFH","Illinois",7,2,4,3,5,12,10,17,1,0,0,0,0,1,0,1,1,0,1,0,1,1,1,1,1,0,1,0,1,0,0,11,"inaction"
"R_DtSmdG6uMSpuyop","Wesleyan",7,4,3,0,8,11,8,20,1,0,1,1,1,1,1,1,1,0,0,0,1,0,1,0,1,1,1,1,0,1,1,15,"action"
"R_eEXakbNKrt2Bw77","Wesleyan",6,2,1,3,5,9,7,20,4,0,0,0,1,1,1,1,1,1,0,0,1,0,0,1,1,1,0,1,0,0,0,11,"action"
"R_eeY4SML5ZDH74g9","Oregon",7,2,4,2,6,12,5,19,3,1,0,0,0,0,1,1,0,1,0,1,1,1,1,1,0,1,0,0,1,0,0,10,"action"
"R_eIELKlbd6KAcJep","Toronto",1,5,6,3,3,12,9,13,3,3,1,1,0,0,0,1,1,1,0,0,0,0,0,0,0,1,0,0,1,0,0,7,"inaction"
"R_eQCf8m4FU30v4Wd","Toronto",9,1,2,2,4,8,7,16,4,5,1,0,0,0,1,1,0,0,0,0,0,0,1,0,1,1,1,1,1,1,1,11,"action"
"R_O83LLy9gMN9JYOZ","Oregon",4,1,1,1,7,9,7,18,6,0,0,0,1,0,0,1,1,0,0,0,1,0,1,1,0,0,1,0,1,0,1,9,"inaction"
"R_ODmCSNNK5Togf73","Oregon",6,3,1,3,5,9,7,21,3,0,1,1,0,0,0,1,1,0,0,1,1,0,1,1,1,1,1,1,1,0,1,14,"inaction"
"R_OeOz4CZECRMqJHz","Toronto",7,5,3,3,4,10,3,16,6,5,1,1,0,0,1,1,0,1,1,0,1,0,1,1,1,1,1,1,1,0,1,15,"action"
"R_OJe2j8PBk2knuBr","Toronto",5,1,0,2,4,6,4,12,5,13,0,0,0,0,1,1,0,0,0,0,0,0,1,0,0,1,0,0,0,0,0,4,"action"
"R_Om7XzBHiKkb20rD","Oregon",4,5,2,1,5,8,8,19,5,0,1,1,1,0,0,1,1,1,0,0,0,0,1,0,0,1,0,0,0,0,0,8,"action"
"R_OpxnPVPjbYdfKPD","Illinois",4,3,1,4,7,12,8,14,6,0,1,0,0,0,0,1,1,0,0,0,1,1,1,0,0,0,0,0,1,1,0,8,"inaction"
"R_oXcZqg6OCdw8Zfr","Toronto",1,8,3,3,5,11,7,11,5,6,1,1,0,0,1,1,0,1,0,0,1,0,1,1,1,1,0,0,0,0,1,11,"action"
"R_p5jnoYuF33zjUB3","Toronto",5,1,1,1,5,7,3,16,3,11,0,0,0,1,0,1,1,1,0,1,0,0,1,1,1,1,1,1,1,0,1,13,"action"
"R_pFC8WDfDmwqzOJr","Oregon",7,2,3,0,5,8,7,13,6,6,0,1,0,0,1,1,1,0,0,0,1,0,0,0,0,0,1,0,1,0,1,8,"action"
"R_pG9PdKxjrAXwURH","Toronto",5,5,2,0,7,9,7,18,6,0,0,0,0,1,1,1,0,0,0,0,0,0,1,1,1,0,1,0,0,0,1,8,"action"
"R_pGDqf54SFAKDGOB","Oregon",2,2,0,3,3,6,9,18,3,4,0,0,0,1,1,1,1,0,0,0,1,0,1,0,1,1,1,0,1,0,1,11,"inaction"
"R_pGjR47STtVBw2KR","Illinois",4,3,2,2,6,10,9,18,3,0,1,1,0,1,1,1,1,0,0,1,1,0,1,1,1,0,1,1,1,0,0,14,"action"
"R_picMJe07VEVSBl7","Toronto",5,NA,3,3,5,11,9,18,1,1,1,0,1,1,0,1,0,0,0,0,0,1,0,0,1,1,1,0,1,1,1,11,"action"
"R_pKlvMlJR38MlNAZ","Illinois",5,2,1,4,5,10,6,17,1,6,1,0,0,1,1,1,0,1,1,1,1,1,1,1,1,1,1,0,1,1,1,17,"action"
"R_poYpbSKN1scNNW9","Oregon",5,5,1,7,5,13,5,19,3,0,0,1,0,1,0,1,1,0,0,0,1,0,0,0,0,1,1,0,1,0,1,9,"action"
"R_pSfHR26wmphTgCB","Oregon",4,5,1,4,5,10,9,17,4,0,0,1,0,1,1,1,1,1,0,0,1,1,1,1,0,1,1,0,0,0,0,12,"inaction"
"R_Qc70mPih9ZWM9sB","Oregon",2,6,0,1,4,5,9,14,9,3,0,0,0,1,0,1,1,0,0,0,1,0,1,1,0,0,0,0,0,0,0,6,"action"
"R_qC7ML40JeTp0wFP","Oregon",6,4,1,4,6,11,12,16,1,0,1,1,0,1,1,1,1,0,0,0,1,1,1,1,1,0,1,1,1,1,1,16,"action"
"R_qQ4cSgL3UZ743FD","Illinois",6,2,2,3,5,10,8,19,3,0,0,0,1,1,0,1,1,0,0,0,0,1,1,1,0,1,1,1,1,1,1,13,"inaction"
"R_qXdOooGGC6NpDnr","Toronto",5,5,0,2,6,8,6,10,12,4,1,1,0,0,0,0,0,0,0,1,0,1,1,0,0,1,1,0,1,0,1,9,"action"
"R_r0kRizHmfTfquZj","Oregon",5,3,2,2,6,10,7,17,6,0,0,0,1,0,1,1,1,0,1,1,1,1,1,1,1,1,1,0,1,0,1,15,"action"
"R_r3D9NYuh1LKJXRT","Illinois",3,5,2,2,7,11,6,16,7,0,0,1,0,1,0,1,1,1,0,0,1,1,1,0,1,0,1,0,0,0,0,10,"inaction"
"R_RgZlLBt2Eo9I2gV","Oregon",2,3,0,4,4,8,9,19,4,0,0,1,0,1,0,1,1,0,0,0,0,1,0,0,1,0,1,1,0,0,1,9,"action"
"R_rkVHwSqks3gNuw1","Wesleyan",3,1,1,1,5,7,8,21,4,0,1,0,0,1,1,1,1,0,1,1,1,0,1,1,1,1,1,1,1,0,1,16,"inaction"
"R_RRkyPb9DaEJgwqR","Oregon",4,2,1,3,5,9,10,17,2,2,0,0,0,1,0,1,1,1,0,0,1,1,1,0,1,1,1,0,1,0,1,12,"action"
"R_sLlpC3U4mJtI87L","Oregon",4,4,2,1,3,6,8,18,7,1,0,1,0,0,0,0,0,1,0,1,0,0,1,1,0,1,0,0,0,0,1,7,"inaction"
"R_smMQcMyi4zN0LRf","Wesleyan",8,2,2,3,8,13,7,19,1,0,1,0,0,0,1,1,0,1,0,0,1,1,1,1,1,0,1,0,1,1,1,13,"inaction"
"R_sOs4467w73LXiHD","Wesleyan",4,4,1,1,6,8,6,18,6,2,0,0,0,1,0,1,1,0,0,0,1,0,1,1,0,1,1,1,1,0,0,10,"inaction"
"R_tQh5vNFfdDK0jSN","Toronto",4,7,2,2,2,6,8,13,3,10,1,0,0,1,0,0,1,0,1,0,0,0,0,0,0,1,1,1,1,1,1,10,"inaction"
"R_tS8xrK5Jp2WpxD3","Wesleyan",7,3,2,1,7,10,6,23,1,0,1,0,0,1,0,1,1,1,0,1,1,0,0,1,1,0,1,1,1,0,1,13,"action"
"R_TufV0xd3yPsL1Xr","Toronto",3,3,0,2,6,8,8,13,3,8,0,0,0,1,1,1,0,0,0,0,0,0,1,0,0,1,1,0,0,1,1,8,"action"
"R_TurNl90o8rB1FQJ","Toronto",6,5,1,1,0,2,7,9,22,0,1,1,0,1,0,1,1,0,0,0,1,0,1,0,1,0,0,1,0,0,0,9,"inaction"
"R_u1xyjLXV8GERfwZ","Toronto",3,6,2,1,6,9,8,12,7,4,0,0,0,0,0,0,1,0,0,0,0,0,0,0,0,0,0,0,0,0,1,2,"action"
"R_uf7NP55L7sNXKvv","Oregon",4,1,1,1,5,7,6,23,1,3,1,0,0,0,1,1,1,0,0,1,0,0,1,0,1,0,1,0,0,0,0,8,"action"
"R_un4fSNi8pVAaIr7","Toronto",8,1,2,2,4,8,6,17,9,0,1,0,0,1,0,1,1,0,0,0,0,0,1,0,0,1,1,1,1,1,0,10,"action"
"R_URefogWpKKx0Iyl","Oregon",7,1,3,1,7,11,10,18,1,0,0,0,1,0,1,1,0,1,0,1,1,1,0,1,1,0,1,0,1,0,1,12,"inaction"
"R_URvl8YubWz4yixX","Oregon",2,2,1,3,4,8,5,19,8,0,0,1,0,0,1,1,1,0,0,1,1,0,1,1,1,1,1,0,1,0,1,13,"inaction"
"R_UuM9zZIkcWXJIn7","Illinois",5,2,1,2,5,8,4,14,14,0,0,1,0,0,0,0,1,0,0,0,1,0,0,0,1,1,0,0,0,0,0,5,"inaction"
"R_UuODaadaFoxaJj3","Wesleyan",1,6,1,3,4,8,7,20,5,0,1,0,0,1,1,1,1,1,0,0,1,1,1,0,1,1,1,0,1,0,1,14,"action"
"R_UXT1yYhHE7nYujf","Wesleyan",5,5,1,1,4,6,8,19,4,3,0,0,0,0,1,1,1,1,0,0,1,0,0,0,1,1,1,0,0,0,0,8,"inaction"
"R_VOOi1v6ZcWlzlTP","Illinois",7,2,0,1,0,1,4,21,1,13,0,1,0,0,1,0,0,0,0,0,1,0,1,0,0,0,0,1,0,1,1,7,"action"
"R_VQmVZ3kqT09RC0h","Wesleyan",4,2,0,4,4,8,6,17,8,1,1,1,0,1,0,1,1,1,0,0,1,0,1,1,1,1,1,0,1,0,1,14,"inaction"
"R_vSvBuOXmnefxzIR","Toronto",8,NA,1,2,6,9,7,22,2,0,1,0,0,1,0,1,1,0,0,0,1,1,1,1,0,1,1,0,0,1,1,12,"inaction"
"R_VVfOZPCWNX1HgLn","Wesleyan",6,1,5,1,6,12,5,21,2,0,1,0,0,1,1,1,1,1,0,0,1,1,1,1,1,1,1,0,1,1,1,16,"action"
"R_VWR4bi3Batmz7PP","Oregon",1,3,2,2,8,12,7,13,8,0,0,0,1,0,1,1,0,0,0,1,0,0,0,0,0,1,0,0,0,0,0,5,"inaction"
"R_W2LCsCHJH57ypZD","Oregon",8,1,1,2,4,7,7,18,4,4,0,1,0,1,0,1,1,0,0,1,1,1,1,1,1,1,1,0,1,1,1,15,"action"
"R_W98XHRHTqnmH9Bf","Toronto",5,5,1,0,2,3,0,13,7,17,0,0,0,0,1,0,0,0,0,0,0,0,0,0,1,1,1,1,1,0,1,7,"action"
"R_WDPl7f1Wp0JNQ41","Oregon",4,4,2,3,2,7,7,20,6,0,0,1,0,1,1,1,1,1,0,0,1,1,1,1,1,1,1,0,0,1,1,15,"inaction"
"R_WkQ6ZXMeDsLYFyx","Toronto",7,2,1,1,3,5,6,11,4,14,1,0,0,1,1,1,0,0,1,0,0,0,0,0,0,1,1,0,1,1,1,10,"inaction"
"R_wN1W1esmDRvaUE1","Oregon",7,2,1,1,4,6,8,22,1,3,0,0,1,0,1,1,1,1,1,1,1,0,1,0,1,0,1,1,1,0,1,14,"action"
"R_WvNFZTp7qqeltER","Wesleyan",3,2,1,0,4,5,7,15,7,6,0,1,0,0,0,1,0,0,0,0,0,0,1,1,1,0,1,0,1,1,1,9,"inaction"
"R_xbUfFGI7aOOX8Od","Illinois",5,5,2,6,5,13,7,17,3,0,1,0,0,1,1,1,1,1,0,1,1,1,1,1,1,1,1,1,1,1,1,18,"action"
"R_xf67zzU10Z6f561","Wesleyan",5,1,1,2,4,7,6,23,4,0,0,0,0,1,1,1,0,0,0,0,1,1,0,1,1,1,1,1,1,0,0,11,"action"
"R_XhUlv9vuhhiqff3","Illinois",5,5,0,3,5,8,5,21,1,5,0,0,0,1,0,0,0,0,0,0,1,1,1,1,1,1,1,1,1,1,1,12,"inaction"
"R_xirV1c7LIN7JBm1","Toronto",3,1,1,4,5,10,8,15,7,0,1,0,0,1,1,1,1,1,0,0,1,1,1,0,1,1,1,0,1,1,1,15,"inaction"
"R_XmQnywA8HdaRLXP","Illinois",4,6,1,2,3,6,8,20,3,3,0,0,0,0,1,0,0,0,1,0,0,0,1,0,1,0,1,0,1,0,1,7,"action"
"R_XnXrVuRdJxGNXrz","Oregon",6,2,0,5,6,11,4,19,6,0,1,0,0,1,0,1,1,1,0,1,1,1,0,1,1,1,1,1,1,1,1,16,"inaction"
"R_Xpnm6d28tYLyYEh","Oregon",4,1,2,1,4,7,9,18,6,0,1,0,1,1,1,1,1,0,0,0,0,0,1,0,0,1,0,0,0,0,0,8,"inaction"
"R_XtRaRrf6R1ktZkd","Wesleyan",2,6,1,4,4,9,6,20,4,1,0,0,0,0,1,1,1,1,0,0,1,1,1,1,1,0,1,0,0,0,0,10,"inaction"
"R_XYRe9YLS1MHIget","Toronto",3,1,2,2,11,15,0,24,0,1,0,0,0,1,1,1,0,1,0,0,1,0,1,1,1,1,1,0,0,1,1,12,"inaction"
"R_xzki0fQzJ0KqWiZ","Illinois",5,5,0,1,5,6,4,21,9,0,1,0,0,1,0,1,0,0,0,0,1,1,0,0,0,0,1,1,1,0,1,9,"inaction"
"R_Y6vQLv08zAZhavv","Toronto",1,7,1,1,5,7,9,24,0,0,1,1,0,0,0,0,0,0,0,0,1,0,1,0,1,1,1,0,1,0,1,9,"inaction"
"R_yUZZg0bXKM4KX2p","Oregon",4,1,3,0,1,4,3,5,7,21,0,0,0,0,0,0,0,0,0,0,0,1,1,0,0,1,1,1,1,0,1,7,"action"
"R_YW9JwX7KNRKpzgJ","Oregon",3,1,2,4,2,8,6,13,5,8,1,1,1,1,1,0,0,0,0,1,0,0,0,1,0,1,1,1,1,0,1,12,"inaction"
"R_Z4Y1u2ezWv5J357","Illinois",6,2,1,1,2,4,4,18,6,8,0,1,1,1,1,1,1,1,0,0,0,0,1,1,1,1,1,0,1,1,1,15,"action"
"R_zZj3gRjC91zMA81","Wesleyan",7,1,2,3,2,7,7,22,3,1,1,1,1,0,0,1,1,1,0,1,1,1,1,1,1,0,1,0,1,1,1,16,"action"
